,open,close,high,low,实际值,预测值
0,6.743222,6.902944000000001,6.902944000000001,6.6737779999999995,6.826555,6.799263
1,6.916832,6.826555,7.014055,6.750166,6.708499000000001,6.767194
2,6.777944000000001,6.708499000000001,6.777944000000001,6.611277,6.604332,6.6177855
3,6.708499000000001,6.604332,6.7293330000000005,6.590443,6.632111,6.537057
4,6.625164999999999,6.632111,6.687666,6.576555,6.750166,6.5521927
5,6.645999000000001,6.750166,6.777944000000001,6.645999000000001,6.6737779999999995,6.66537
6,6.708499000000001,6.6737779999999995,6.715444000000001,6.618222,6.708499000000001,6.584443
7,6.6598880000000005,6.708499000000001,6.750166,6.5973880000000005,6.632111,6.621478
8,6.7293330000000005,6.632111,6.777944000000001,6.611277,6.6598880000000005,6.5702114
9,6.632111,6.6598880000000005,6.694611,6.569610000000001,6.708499000000001,6.5718784
10,6.666832,6.708499000000001,6.736277,6.639055,6.6598880000000005,6.621483
11,6.708499000000001,6.6598880000000005,6.7223880000000005,6.611277,6.583499000000001,6.5759935
12,6.652944000000001,6.583499000000001,6.652944000000001,6.562666,6.493222,6.5038996
13,6.569610000000001,6.493222,6.583499000000001,6.430722,6.500166,6.415803
14,6.458499,6.500166,6.5418330000000005,6.437666,6.402944000000001,6.4219503
15,6.500166,6.402944000000001,6.500166,6.382111,6.389055,6.331669
16,6.389055,6.389055,6.444611,6.3543330000000005,6.423776999999999,6.315463
17,6.389055,6.423776999999999,6.527944000000001,6.375166,6.361276999999999,6.3656464
18,6.423776999999999,6.361276999999999,6.430722,6.3543330000000005,6.430722,6.2883596
19,6.361276999999999,6.430722,6.430722,6.3543330000000005,6.465444000000001,6.34352
20,6.423776999999999,6.465444000000001,6.486276999999999,6.375166,6.569610000000001,6.3788176
21,6.500166,6.569610000000001,6.5973880000000005,6.423776999999999,6.604332,6.47972
22,6.583499000000001,6.604332,6.666832,6.555721000000001,6.639055,6.529271
23,6.604332,6.639055,6.639055,6.521,6.652944000000001,6.5391846
24,6.639055,6.652944000000001,6.701555,6.604332,6.576555,6.5722075
25,6.639055,6.576555,6.6598880000000005,6.548776999999999,6.486276999999999,6.501031
26,6.534888,6.486276999999999,6.5418330000000005,6.472389,6.514055,6.407732
27,6.486276999999999,6.514055,6.639055,6.465444000000001,6.514055,6.459322
28,6.514055,6.514055,6.521,6.444611,6.472389,6.420244
29,6.486276999999999,6.472389,6.486276999999999,6.430722,6.430722,6.3829727
30,6.479332,6.430722,6.576555,6.423776999999999,6.437666,6.3797493
31,6.465444000000001,6.437666,6.500166,6.395999,6.486276999999999,6.3612146
32,6.402944000000001,6.486276999999999,6.576555,6.382111,6.521,6.4220877
33,6.465444000000001,6.521,6.534888,6.437666,6.2987779999999995,6.433654
34,6.486276999999999,6.2987779999999995,6.493222,6.270999,6.326555,6.2463436
35,6.2987779999999995,6.326555,6.3543330000000005,6.291832,6.451555,6.2493725
36,6.305721,6.451555,6.465444000000001,6.284888,6.382111,6.366171
37,6.479332,6.382111,6.486276999999999,6.361276999999999,6.340444000000001,6.313219
38,6.368221,6.340444000000001,6.375166,6.2987779999999995,6.340444000000001,6.2579784
39,6.3543330000000005,6.340444000000001,6.389055,6.319611,6.3543330000000005,6.265849
40,6.3543330000000005,6.3543330000000005,6.368221,6.326555,6.437666,6.270343
41,6.375166,6.437666,6.437666,6.3543330000000005,6.395999,6.3487635
42,6.437666,6.395999,6.458499,6.368221,6.368221,6.320386
43,6.368221,6.368221,6.395999,6.347388,6.326555,6.288705
44,6.340444000000001,6.326555,6.3543330000000005,6.284888,6.340444000000001,6.243932
45,6.319611,6.340444000000001,6.395999,6.305721,6.368221,6.2701235
46,6.333499,6.368221,6.382111,6.270999,6.395999,6.2799463
47,6.326555,6.395999,6.500166,6.312665,6.340444000000001,6.338339
48,6.395999,6.340444000000001,6.409889,6.2987779999999995,6.375166,6.264763
49,6.361276999999999,6.375166,6.389055,6.319611,6.319611,6.2891655
50,6.3543330000000005,6.319611,6.368221,6.305721,6.326555,6.243885
51,6.312665,6.326555,6.389055,6.2987779999999995,6.423776999999999,6.258497
52,6.340444000000001,6.423776999999999,6.493222,6.340444000000001,6.382111,6.3572416
53,6.486276999999999,6.382111,6.500166,6.361276999999999,6.270999,6.3163967
54,6.326555,6.270999,6.347388,6.243221,6.375166,6.200225
55,6.291832,6.375166,6.389055,6.291832,6.465444000000001,6.2937613
56,6.389055,6.465444000000001,6.521,6.3543330000000005,6.555721000000001,6.390212
57,6.472389,6.555721000000001,6.639055,6.402944000000001,6.9723880000000005,6.4826794
58,6.604332,6.9723880000000005,7.194611,6.576555,7.027944000000001,6.9349394
59,7.062666,7.027944000000001,7.132110000000001,6.937664999999999,6.8473880000000005,6.9455595
60,7.055721000000001,6.8473880000000005,7.076555,6.798777,6.826555,6.789461
61,6.8473880000000005,6.826555,6.916832,6.715444000000001,6.840444000000001,6.7433214
62,6.826555,6.840444000000001,6.882110000000001,6.770999000000001,6.889054,6.751711
63,6.819611,6.889054,7.215444000000001,6.7918330000000005,7.0487779999999995,6.88348
64,6.9862779999999995,7.0487779999999995,7.125166,6.8543330000000005,7.139055,6.957096
65,7.027944000000001,7.139055,7.396,7.000164999999999,7.090443,7.108758
66,7.083499000000001,7.090443,7.0973880000000005,6.944610000000001,6.9862779999999995,6.977502
67,7.076555,6.9862779999999995,7.201554,6.9723880000000005,6.902944000000001,6.938815
68,6.951555,6.902944000000001,6.958499000000001,6.812666,6.784889,6.807604
69,6.916832,6.784889,6.944610000000001,6.750166,6.680721000000001,6.7185135
70,6.770999000000001,6.680721000000001,6.819611,6.645999000000001,6.694611,6.615096
71,6.6737779999999995,6.694611,6.715444000000001,6.632111,6.694611,6.604352
72,6.6598880000000005,6.694611,6.736277,6.604332,6.812666,6.608677
73,6.687666,6.812666,6.8543330000000005,6.604332,6.798777,6.721097
74,6.680721000000001,6.798777,6.916832,6.618222,6.937664999999999,6.7316065
75,6.777944000000001,6.937664999999999,6.965444000000001,6.736277,7.0973880000000005,6.844372
76,6.944610000000001,7.0973880000000005,7.208499000000001,6.895999000000001,7.166832,7.0239334
77,7.194611,7.166832,7.305722,7.0348880000000005,7.951556,7.0876694
78,7.139055,7.951556,7.951556,7.076555,7.777944000000001,7.8269396
79,8.062666,7.777944000000001,8.368221,7.750166,8.423777000000001,7.798067
80,7.743221000000001,8.423777000000001,8.618221,7.701554,8.409888,8.34795
81,8.423777000000001,8.409888,8.9585,8.139055,9.007111,8.40893
82,8.437667,9.007111,9.014055,8.270999,9.402942999999999,8.852562
83,9.069611,9.402942999999999,9.889054,8.701555,9.889054,9.354689
84,9.180721,9.889054,10.07656,9.034888,8.833499,9.770823
85,9.701554,8.833499,10.097389999999999,8.833499,9.166832000000001,8.915733
86,8.757111,9.166832000000001,9.284887,8.354333,8.979333,9.014296
87,8.902944999999999,8.979333,9.437664999999999,8.81961,8.993221,8.964285
88,8.965444,8.993221,9.173777000000001,8.812666,8.743221,8.891027
89,8.861277000000001,8.743221,8.861277000000001,8.527944,9.305721,8.607879
90,8.687666,9.305721,9.305721,8.645999,9.979332000000001,9.157486
91,9.312666,9.979332000000001,10.19461,9.173777000000001,9.652944,9.868121
92,10.01405,9.652944,10.11128,9.451555,9.729332000000001,9.571205
93,9.604332000000001,9.729332000000001,9.861277000000001,9.340442999999999,9.965444,9.5861435
94,9.659887,9.965444,10.534889999999999,9.597388,9.555721,9.964734
95,9.722388,9.555721,9.923777000000001,9.38211,9.083499,9.475036
96,9.548777000000001,9.083499,9.625166,8.812666,9.514054,9.0170555
97,9.277944,9.514054,9.555721,9.062666,9.798778,9.354658
98,9.458497999999999,9.798778,9.854333,9.395999,9.673777000000001,9.654942
99,10.15294,9.673777000000001,10.4585,9.555721,10.07656,9.680842
100,9.680721,10.07656,10.13905,9.639054,10.312669999999999,9.931544
101,10.15294,10.312669999999999,10.34044,9.937666,10.437669999999999,10.133916
102,10.416830000000001,10.437669999999999,10.618219999999999,10.146,10.270999999999999,10.293942
103,10.31961,10.270999999999999,10.69461,10.11128,10.062660000000001,10.206957
104,10.118219999999999,10.062660000000001,10.305719999999999,9.937666,9.701554,9.954443
105,10.07656,9.701554,10.125160000000001,9.659887,9.784888,9.625578
106,9.659887,9.784888,10.3335,9.527944,9.569611,9.774233
107,9.639054,9.569611,9.764055,9.38211,9.507111,9.4485035
108,9.486277000000001,9.507111,9.659887,9.458497999999999,9.597388,9.4012165
109,9.576554,9.597388,9.868219999999999,9.520999,9.972388,9.520189
110,9.625166,9.972388,9.972388,9.527944,9.986277000000001,9.805395
111,10.00711,9.986277000000001,10.159889999999999,9.854333,8.916832000000001,9.862862
112,9.041833,8.916832000000001,9.430721,8.916832000000001,8.916832000000001,8.914485
113,8.916832000000001,8.916832000000001,9.076555,8.729333,9.326554,8.806305
114,8.951554,9.326554,9.451555,8.861277000000001,9.243221,9.208461
115,9.270999,9.243221,9.395999,9.145999,9.312666,9.131516
116,9.284887,9.312666,9.472388,9.243221,9.270999,9.210943
117,9.284887,9.270999,9.340442999999999,9.145999,9.027944,9.133424
118,9.277944,9.027944,9.291832000000001,8.916832000000001,9.076555,8.925679
119,8.944611,9.076555,9.243221,8.895999,8.965444,8.980412
120,8.909888,8.965444,9.041833,8.861277000000001,8.986278,8.845916
121,8.986278,8.986278,9.118221,8.868222,8.777944,8.87438
122,8.757111,8.777944,8.895999,8.722388,9.000166,8.675577
123,8.882111,9.000166,9.027944,8.771,8.833499,8.858896
124,9.034888,8.833499,9.062666,8.826555,8.889055,8.742401
125,9.243221,8.889055,9.3335,8.868222,8.694611,8.83953
126,8.81961,8.694611,9.000166,8.618221,8.701555,8.6286
127,8.687666,8.701555,8.812666,8.493222,8.875166,8.580565
128,8.680721,8.875166,8.909888,8.632111,8.847388,8.745257
129,8.882111,8.847388,8.930721,8.812666,8.937666,8.72995
130,8.861277000000001,8.937666,8.965444,8.771,9.000166,8.800063
131,8.986278,9.000166,9.159888,8.923778,8.979333,8.902191
132,9.000166,8.979333,9.041833,8.847388,9.027944,8.843897
133,9.007111,9.027944,9.111277000000001,8.986278,8.895999,8.9124
134,9.062666,8.895999,9.069611,8.868222,9.083499,8.789376
135,8.895999,9.083499,9.090444,8.757111,9.027944,8.93138
136,9.076555,9.027944,9.145999,9.007111,9.055721,8.916902
137,9.055721,9.055721,9.097388,8.944611,8.757111,8.91756
138,9.020999,8.757111,9.020999,8.750166,8.736277000000001,8.670407
139,8.771,8.736277000000001,8.840444,8.687666,8.604333,8.625356
140,8.687666,8.604333,8.708499,8.541832000000001,8.645999,8.488976
141,8.597388,8.645999,8.694611,8.583499,9.139054,8.528744
142,8.666833,9.139054,9.270999,8.562664999999999,8.875166,9.024818
143,9.034888,8.875166,9.118221,8.875166,8.937666,8.792649
144,8.889055,8.937666,9.090444,8.889055,9.451555,8.8459635
145,9.173777000000001,9.451555,9.701554,9.090444,9.722388,9.367598
146,9.659887,9.722388,10.15294,9.590444,10.01405,9.686565
147,9.798778,10.01405,10.07656,9.673777000000001,10.00711,9.861149
148,10.0835,10.00711,10.284889999999999,9.902944,10.0835,9.9099
149,9.979332000000001,10.0835,10.13211,9.930721,9.861277000000001,9.934191
150,10.062660000000001,9.861277000000001,10.062660000000001,9.812664999999999,9.951554,9.737516
151,9.861277000000001,9.951554,10.11128,9.770999,10.02794,9.831742
152,9.958499,10.02794,10.118219999999999,9.958499,9.972388,9.897168
153,10.02794,9.972388,10.13905,9.882111,9.666833,9.848124
154,9.923777000000001,9.666833,9.951554,9.652944,9.805721,9.568329
155,9.63211,9.805721,10.021,9.527944,9.784888,9.702822
156,9.798778,9.784888,9.930721,9.63211,10.187669999999999,9.655895
157,9.889054,10.187669999999999,10.38211,9.798778,10.250169999999999,10.072727
158,10.45156,10.250169999999999,10.84044,10.166830000000001,10.395999999999999,10.225603
159,10.29878,10.395999999999999,10.520999999999999,10.11128,10.284889999999999,10.246584
160,10.48628,10.284889999999999,10.520999999999999,10.159889999999999,10.31961,10.154087
161,10.21544,10.31961,10.38211,10.15294,10.98628,10.168077
162,10.52794,10.98628,11.09044,10.52794,11.75711,10.84002
163,11.06961,11.75711,11.868219999999999,10.875169999999999,11.812669999999999,11.575265
164,11.77794,11.812669999999999,12.541830000000001,11.625160000000001,13.062669999999999,11.811735
165,11.812669999999999,13.062669999999999,13.062669999999999,11.7085,13.216829999999998,12.830879
166,13.60017,13.216829999999998,13.7335,12.89183,13.01683,13.065723
167,13.1835,13.01683,13.1835,12.85017,13.3085,12.810463
168,13.01683,13.3085,13.8335,12.85017,13.60017,13.218218
169,13.05017,13.60017,13.6835,12.97517,13.54183,13.388367
170,14.016829999999999,13.54183,14.016829999999999,13.4335,13.01683,13.386163
171,13.6835,13.01683,13.766829999999999,12.90017,13.2335,12.927435
172,13.0335,13.2335,13.35017,12.750169999999999,13.5585,13.015356
173,13.25017,13.5585,13.5835,13.1835,13.31683,13.332331
174,13.5835,13.31683,13.6335,13.2335,12.8835,13.147051
175,13.01683,12.8835,13.19183,12.77517,13.116829999999998,12.732138
176,12.94183,13.116829999999998,13.266829999999999,12.9335,13.35017,12.941745
177,13.141829999999999,13.35017,13.91683,12.95017,13.3085,13.268263
178,13.31683,13.3085,13.391829999999999,12.9335,13.35017,13.068458
179,13.4585,13.35017,13.81683,13.3335,13.200170000000002,13.247999
180,13.35017,13.200170000000002,13.35017,13.000169999999999,12.65017,12.983443
181,13.1085,12.65017,13.200170000000002,12.35017,12.5335,12.514049
182,12.61683,12.5335,13.01683,12.34183,12.49183,12.434887
183,12.5335,12.49183,12.666830000000001,12.35017,12.64183,12.316582
184,12.52517,12.64183,12.750169999999999,12.35017,12.791830000000001,12.445313
185,12.60017,12.791830000000001,12.86683,12.34183,12.7335,12.573281
186,12.750169999999999,12.7335,12.916830000000001,12.47517,12.666830000000001,12.54545
187,12.916830000000001,12.666830000000001,12.97517,12.55017,12.67517,12.50572
188,12.76683,12.67517,12.8085,12.5085,12.3085,12.474622
189,12.60017,12.3085,12.666830000000001,12.1585,12.0835,12.160161
190,12.10017,12.0835,12.22517,11.9085,12.42517,11.905718
191,12.07517,12.42517,12.55017,11.97517,12.55017,12.245672
192,12.77517,12.55017,12.89183,12.4335,12.59183,12.403608
193,12.60017,12.59183,12.67517,12.45017,12.99183,12.389929
194,12.69183,12.99183,13.01683,12.61683,13.266829999999999,12.775766
195,13.0585,13.266829999999999,13.3585,13.0585,13.2835,13.073097
196,13.29183,13.2835,13.35017,13.000169999999999,13.16683,13.047862
197,13.2835,13.16683,13.525170000000001,13.10017,12.35017,13.030781
198,13.1835,12.35017,13.19183,12.291830000000001,12.20017,12.287286
199,12.3585,12.20017,12.49183,12.02517,12.6835,12.047003
200,12.2085,12.6835,12.750169999999999,12.09183,12.57517,12.480223
201,12.67517,12.57517,12.6835,12.36683,12.625169999999999,12.363518
202,12.57517,12.625169999999999,12.72517,12.35017,13.07517,12.421055
203,12.64183,13.07517,13.25017,12.4835,13.01683,12.890453
204,13.35017,13.01683,13.4335,12.791830000000001,13.841829999999998,12.8581295
205,13.0335,13.841829999999998,13.97517,12.92517,13.5835,13.635254
206,13.900170000000001,13.5835,13.97517,13.3335,13.3335,13.405666
207,13.4335,13.3335,13.54183,13.2085,13.16683,13.146372
208,13.3335,13.16683,13.4085,13.0585,13.19183,12.987125
209,13.16683,13.19183,13.29183,13.02517,12.70017,12.984518
210,13.2085,12.70017,13.266829999999999,12.6835,12.46683,12.593831
211,12.60017,12.46683,12.81683,12.35017,12.541830000000001,12.334497
212,12.625169999999999,12.541830000000001,12.67517,12.3085,12.250169999999999,12.338467
213,12.500169999999999,12.250169999999999,12.500169999999999,11.94183,11.625169999999999,12.058786
214,12.14183,11.625169999999999,12.2585,11.51683,11.89183,11.548048
215,11.6335,11.89183,11.9085,11.19183,12.0335,11.652425
216,11.9335,12.0335,12.041830000000001,11.6835,11.82517,11.811869
217,12.416830000000001,11.82517,12.4585,11.7335,10.9085,11.737515
218,11.6335,10.9085,11.89183,10.5835,10.7335,10.892414
219,11.166830000000001,10.7335,11.22517,10.0585,11.55017,10.578048
220,10.71683,11.55017,11.55017,10.5835,11.0335,11.347338
221,11.39183,11.0335,11.59183,10.8835,10.89183,10.959489
222,11.01683,10.89183,11.3585,10.5835,10.32517,10.802542
223,11.0835,10.32517,11.09183,10.09183,11.000169999999999,10.26768
224,11.35017,11.000169999999999,11.3585,10.5085,11.64183,10.831978
225,10.81683,11.64183,11.64183,10.44183,10.42517,11.407877
226,10.94183,10.42517,11.10017,10.42517,11.31683,10.395594
227,10.42517,11.31683,11.46683,9.525166,11.81683,11.069578
228,10.97517,11.81683,12.2335,10.77517,11.46683,11.719875
229,11.4335,11.46683,11.84183,11.20017,10.99183,11.362653
230,11.26683,10.99183,11.416830000000001,10.69183,10.750169999999999,10.8729315
231,10.81683,10.750169999999999,11.06683,10.60017,10.76683,10.645436
232,10.76683,10.76683,10.90017,10.61683,10.95017,10.617022
233,10.81683,10.95017,11.05017,10.7085,10.76683,10.791767
234,10.9335,10.76683,10.9335,10.7085,10.74183,10.617902
235,10.69183,10.74183,10.80017,10.5835,10.70017,10.57579
236,10.67517,10.70017,10.71683,10.55017,10.82517,10.519485
237,10.65017,10.82517,10.89183,10.6085,10.5835,10.667202
238,10.8335,10.5835,10.85017,10.5335,9.800166,10.458675
239,10.47517,9.800166,10.5335,9.466833,9.950166000000001,9.740134
240,9.591832,9.950166000000001,10.06683,9.558499000000001,9.933499000000001,9.824057
241,9.933499000000001,9.933499000000001,9.950166000000001,9.750166,9.650167,9.762347
242,9.941833,9.650167,9.966833,9.625166,9.7335,9.555943
243,9.566833,9.7335,9.7835,9.450167,10.11683,9.583546
244,9.600166,10.11683,10.14183,9.558499000000001,10.15017,9.960116
245,10.07517,10.15017,10.2585,9.925166,9.925166,10.005102
246,10.10017,9.925166,10.22517,9.908499,9.875166,9.834813
247,9.850166,9.875166,10.041830000000001,9.791833,9.941833,9.762576
248,9.941833,9.941833,10.0335,9.883499,10.20017,9.8066435
249,9.9835,10.20017,10.2585,9.891833,10.1335,10.04624
250,10.19183,10.1335,10.22517,10.09183,9.908499,9.988953
251,10.0085,9.908499,10.07517,9.900167,9.908499,9.78983
252,9.8585,9.908499,9.991833,9.7835,9.966833,9.769593
253,10.0085,9.966833,10.0585,9.916833,9.883499,9.827002
254,9.941833,9.883499,10.0085,9.808499000000001,9.6585,9.75053
255,9.850166,9.6585,10.05017,9.391832,9.625166,9.569172
256,9.516833,9.625166,9.625166,9.350164999999999,9.475166,9.457521
257,9.575166000000001,9.475166,9.575166000000001,9.350164999999999,9.016833,9.3327
258,9.350164999999999,9.016833,9.425166,8.9835,8.0585,8.955443
259,8.6835,8.0585,8.741833,8.0585,7.316833,8.051464
260,7.641832000000001,7.316833,8.0585,7.200166,7.691833,7.3621244
261,7.433499,7.691833,7.958499000000001,7.1835,8.433499000000001,7.6279945
262,7.900167,8.433499000000001,8.516832,7.6501660000000005,8.4585,8.302472
263,8.5085,8.4585,8.675166,8.225166,8.6585,8.362322
264,8.3585,8.6585,8.6585,8.166833,9.075166000000001,8.506459
265,8.516832,9.075166000000001,9.1085,8.275166,9.300166,8.9183035
266,8.750167,9.300166,9.433499000000001,8.650167,8.5085,9.183506
267,9.058499000000001,8.5085,9.066833,8.5085,8.600166,8.478674
268,8.500166,8.600166,8.725166,8.2585,8.6835,8.479568
269,8.625166,8.6835,8.758499,8.500166,8.641833,8.560382
270,8.600166,8.641833,8.750167,8.550166,8.566833,8.537572
271,8.616833999999999,8.566833,8.700166000000001,8.500166,8.491833,8.463757
272,8.591833,8.491833,8.600166,8.141832,8.241833,8.345325
273,8.341832,8.241833,8.475166,8.183499000000001,8.516832,8.168922
274,8.2585,8.516832,8.666833,8.200167,8.4085,8.425489
275,8.475166,8.4085,8.716833,8.4085,8.441833,8.364045
276,8.466833,8.441833,8.566833,8.375166,8.450166000000001,8.34161
277,8.350166,8.450166000000001,8.5085,8.308499000000001,8.566833,8.336233
278,8.4585,8.566833,8.650167,8.450166000000001,8.350166,8.461516
279,8.4835,8.350166,8.525167,8.3335,8.3585,8.259552
280,8.400167,8.3585,8.441833,8.325167,8.225166,8.249965
281,8.341832,8.225166,8.3585,8.141832,8.208499,8.11941
282,8.2335,8.208499,8.2585,8.125167,8.0835,8.089576
283,8.141832,8.0835,8.2335,8.0335,8.175166,7.9955463
284,8.100166,8.175166,8.2585,8.091833,8.350166,8.077544
285,8.475166,8.350166,8.5085,8.350166,8.516832,8.257631
286,8.391833,8.516832,8.558499000000001,8.366833,8.791833,8.398701
287,8.566833,8.791833,8.916833,8.525167,8.7085,8.689977
288,8.766832,8.7085,8.816833,8.675166,8.583499,8.598406
289,8.633499,8.583499,8.725166,8.550166,8.741833,8.486259
290,8.558499000000001,8.741833,8.741833,8.550166,8.791833,8.609235
291,8.775167,8.791833,8.850166,8.7335,8.816833,8.671412
292,8.825167,8.816833,8.891833,8.725166,8.866833,8.694093
293,8.766832,8.866833,8.916833,8.758499,8.7835,8.7462
294,8.841833,8.7835,9.225166,8.750167,8.875166,8.766843
295,8.808499000000001,8.875166,8.933499000000001,8.750167,8.991833,8.751129
296,8.925166,8.991833,9.041833,8.8835,9.0335,8.865045
297,9.100166,9.0335,9.275167,8.966832,9.000166,8.950317
298,9.016833,9.000166,9.1335,8.8835,8.825167,8.886692
299,8.9835,8.825167,9.000166,8.808499000000001,8.825167,8.72251
300,8.850166,8.825167,8.900166,8.808499000000001,8.900166,8.708925
301,8.850166,8.900166,8.950167,8.825167,8.716833,8.77709
302,8.825167,8.716833,8.866833,8.6835,8.641833,8.612857
303,8.725166,8.641833,8.775167,8.6085,9.175166,8.537364
304,8.666833,9.175166,9.183499000000001,8.641833,9.491833,9.033958
305,9.100166,9.491833,9.908499,9.058499000000001,9.7585,9.459046
306,9.450167,9.7585,9.775166,9.366833,10.21683,9.602074
307,9.850166,10.21683,10.5835,9.816833,10.0585,10.156687
308,10.10017,10.0585,10.32517,9.941833,9.891833,9.959581
309,10.01683,9.891833,10.0835,9.750166,9.766832,9.762666
310,9.933499000000001,9.766832,9.975164999999999,9.666833,9.633499,9.644927
311,9.616833,9.633499,9.833499,9.591832,9.716833,9.538911
312,9.541833,9.716833,9.7585,9.508499,9.850166,9.574283
313,9.775166,9.850166,10.01683,9.7335,9.7835,9.739858
314,9.816833,9.7835,10.01683,9.691833,9.850166,9.6842165
315,9.766832,9.850166,9.8585,9.708499,9.891833,9.692654
316,9.850166,9.891833,9.925166,9.7835,9.808499000000001,9.739545
317,9.891833,9.808499000000001,9.933499000000001,9.750166,9.666833,9.676094
318,9.775166,9.666833,9.808499000000001,9.566833,9.700166000000001,9.534407
319,9.6085,9.700166000000001,9.741833,9.575166000000001,9.625166,9.558105
320,9.7335,9.625166,9.750166,9.600166,9.208499,9.497215
321,9.5835,9.208499,9.600166,9.041833,9.216832,9.11883
322,9.200167,9.216832,9.325166000000001,9.016833,9.225166,9.086273
323,9.183499000000001,9.225166,9.316833,9.025167,9.8585,9.092489
324,9.183499000000001,9.8585,9.966833,9.150166,9.808499000000001,9.731173
325,9.7585,9.808499000000001,10.0585,9.641832,9.5335,9.714256
326,9.691833,9.5335,9.750166,9.500166,9.558499000000001,9.427015
327,9.5835,9.558499000000001,9.641832,9.466833,9.400167,9.421824
328,9.491833,9.400167,9.508499,9.350164999999999,9.425166,9.270987
329,9.366833,9.425166,9.5335,9.350164999999999,9.400167,9.309403
330,9.391832,9.400167,9.550166,9.3585,9.291833,9.294958
331,9.3585,9.291833,9.366833,9.208499,9.491833,9.154232
332,9.208499,9.491833,9.525166,9.191833,9.366833,9.35297
333,9.458499,9.366833,9.508499,9.316833,9.341833,9.247792
334,9.416832000000001,9.341833,9.441833,9.3335,9.491833,9.217597
335,9.4085,9.491833,9.550166,9.400167,9.625166,9.361433
336,9.458499,9.625166,9.891833,9.450167,9.8585,9.551315
337,9.550166,9.8585,10.0335,9.525166,9.791833,9.751831
338,9.850166,9.791833,9.950166000000001,9.750166,9.833499,9.673926
339,9.825167,9.833499,10.0835,9.766832,9.716833,9.74548
340,9.816833,9.716833,9.900167,9.633499,9.775166,9.59812
341,9.750166,9.775166,9.825167,9.708499,9.416832000000001,9.632679
342,9.791833,9.416832000000001,9.816833,9.416832000000001,9.508499,9.344417
343,9.425166,9.508499,9.516833,9.4085,9.516833,9.362182
344,9.508499,9.516833,9.525166,9.391832,9.425166,9.3585005
345,9.516833,9.425166,9.541833,9.416832000000001,8.875166,9.3024435
346,9.433499000000001,8.875166,9.458499,8.791833,8.933499000000001,8.835119
347,8.825167,8.933499000000001,9.075166000000001,8.725166,9.041833,8.827233
348,8.950167,9.041833,9.066833,8.925166,8.550166,8.908797
349,8.941833,8.550166,8.941833,8.525167,8.700166000000001,8.4875555
350,8.775167,8.700166000000001,8.841833,8.516832,8.400167,8.580819
351,8.600166,8.400167,8.666833,8.3335,8.441833,8.321552
352,8.4585,8.441833,8.525167,8.300166,8.3585,8.322157
353,8.5085,8.3585,8.550166,8.350166,8.4085,8.271554
354,8.2585,8.4085,8.433499000000001,8.166833,8.150167,8.280108
355,8.316833,8.150167,8.433499000000001,8.116833,8.1085,8.0886755
356,8.050166,8.1085,8.2335,8.016833,8.3585,8.021231
357,8.141832,8.3585,8.416833,8.1085,8.216833,8.2470665
358,8.350166,8.216833,8.433499000000001,8.133499,8.0335,8.133102
359,8.166833,8.0335,8.391833,8.0335,8.100166,8.0031395
360,8.100166,8.100166,8.141832,7.9501669999999995,8.075166000000001,7.9761953
361,8.100166,8.075166000000001,8.133499,8.041833,7.6585,7.9668922
362,8.0335,7.6585,8.0335,7.6501660000000005,7.6668330000000005,7.6122656
363,7.708499000000001,7.6668330000000005,7.750166,7.433499,7.5084990000000005,7.5490437
364,7.616833,7.5084990000000005,7.675166,7.475166000000001,7.766833,7.4328012
365,7.550166,7.766833,7.8335,7.5084990000000005,7.600166000000001,7.6683493
366,7.750166,7.600166000000001,7.775167,7.550166,7.725166000000001,7.518511
367,7.600166000000001,7.725166000000001,7.7918330000000005,7.583499000000001,7.641832000000001,7.630517
368,7.641832000000001,7.641832000000001,7.675166,7.5751669999999995,7.725166000000001,7.533884
369,7.675166,7.725166000000001,7.766833,7.6668330000000005,7.7001669999999995,7.6244965
370,7.7335,7.7001669999999995,7.741833,7.691833,7.591833,7.596362
371,7.4835,7.591833,7.641832000000001,7.475166000000001,7.775167,7.4960146
372,7.6335,7.775167,7.7918330000000005,7.625166,7.891833,7.6662226
373,7.7918330000000005,7.891833,7.9501669999999995,7.7584990000000005,7.841833,7.7897215
374,7.9168330000000005,7.841833,7.9501669999999995,7.841833,7.800166,7.7505455
375,7.841833,7.800166,7.883501,7.7584990000000005,8.008499,7.701559
376,7.875166,8.008499,8.025167,7.816833,7.866833,7.889347
377,8.008499,7.866833,8.008499,7.808499,7.891833,7.7704773
378,7.816833,7.891833,7.891833,7.775167,7.491833,7.7722178
379,7.866833,7.491833,7.875166,7.433499,7.591833,7.4455347
380,7.5751669999999995,7.591833,7.625166,7.4835,7.4001660000000005,7.481985
381,7.591833,7.4001660000000005,7.6085,7.2835,7.516833,7.3196707
382,7.450166,7.516833,7.5751669999999995,7.4168330000000005,7.850166000000001,7.4220915
383,7.558499,7.850166000000001,7.875166,7.533499000000001,7.8585,7.7399406
384,7.841833,7.8585,7.9168330000000005,7.800166,8.100166,7.756257
385,7.841833,8.100166,8.183499000000001,7.825166,8.050166,8.002692
386,8.0585,8.050166,8.175166,8.016833,8.000166,7.9632196
387,8.066833,8.000166,8.066833,7.716832000000001,7.9085,7.862668
388,7.883501,7.9085,7.9501669999999995,7.800166,7.891833,7.795788
389,7.9668339999999995,7.891833,8.0585,7.875166,7.900167,7.8142843
390,7.850166000000001,7.900167,7.9501669999999995,7.800166,7.9835,7.793726
391,7.941833,7.9835,8.150167,7.941833,8.0335,7.9143486
392,8.000166,8.0335,8.066833,7.900167,8.0585,7.91407
393,7.991834,8.0585,8.141832,7.975167,8.116833,7.96222
394,8.066833,8.116833,8.166833,8.016833,8.216833,8.006173
395,8.116833,8.216833,8.241833,8.100166,8.433499000000001,8.100796
396,8.225166,8.433499000000001,8.4835,8.225166,8.366833,8.322038
397,8.4085,8.366833,8.550166,8.341832,8.350166,8.287551
398,8.3585,8.350166,8.4085,8.275166,8.200167,8.233664
399,8.275166,8.200167,8.291833,8.183499000000001,8.2585,8.095261
400,8.191833,8.2585,8.266833,8.183499000000001,8.166833,8.137919
401,8.2835,8.166833,8.308499000000001,8.141832,8.125167,8.071213
402,8.191833,8.125167,8.200167,8.0835,8.350166,8.015066
403,8.166833,8.350166,8.350166,8.1585,8.300166,8.225196
404,8.3585,8.300166,8.391833,8.300166,8.316833,8.197067
405,8.2835,8.316833,8.341832,8.183499000000001,8.350166,8.189511
406,8.2835,8.350166,8.441833,8.183499000000001,8.366833,8.241109
407,8.3335,8.366833,8.391833,8.275166,8.2585,8.243272
408,8.366833,8.2585,8.375166,8.2585,8.241833,8.157748
409,8.225166,8.241833,8.325167,8.183499000000001,8.366833,8.139242
410,8.266833,8.366833,8.433499000000001,8.266833,8.325167,8.26163
411,8.350166,8.325167,8.3585,8.2835,8.441833,8.203655
412,8.375166,8.441833,8.575167,8.3585,8.466833,8.352322
413,8.500166,8.466833,8.516832,8.425166,8.500166,8.346667
414,8.466833,8.500166,8.550166,8.433499000000001,8.375166,8.383967
415,8.450166000000001,8.375166,8.475166,8.375166,8.4085,8.271117
416,8.4085,8.4085,8.441833,8.3585,8.200167,8.287514
417,8.4085,8.200167,8.416833,8.066833,8.191833,8.102708
418,8.200167,8.191833,8.291833,8.141832,8.225166,8.093117
419,8.150167,8.225166,8.2835,8.1085,8.183499000000001,8.115665
420,8.2335,8.183499000000001,8.2335,8.116833,8.2585,8.064165
421,8.166833,8.2585,8.266833,8.150167,8.241833,8.136923
422,8.250166,8.241833,8.275166,8.200167,8.316833,8.12411
423,8.250166,8.316833,8.400167,8.216833,8.241833,8.213628
424,8.300166,8.241833,8.300166,8.225166,8.3335,8.128353
425,8.250166,8.3335,8.366833,8.200167,8.366833,8.213809
426,8.3335,8.366833,8.391833,8.316833,8.366833,8.248007
427,8.341832,8.366833,8.366833,8.308499000000001,8.200167,8.238279
428,8.375166,8.200167,8.375166,8.200167,8.0585,8.109716
429,8.183499000000001,8.0585,8.208499,8.0335,8.000166,7.9664326
430,8.050166,8.000166,8.075166000000001,7.991834,8.075166000000001,7.8981476
431,8.016833,8.075166000000001,8.133499,8.016833,8.0835,7.9733543
432,8.025167,8.0835,8.100166,7.975167,8.0585,7.9639826
433,8.0585,8.0585,8.100166,8.041833,8.066833,7.950491
434,8.0335,8.066833,8.066833,7.975167,8.016833,7.9419975
435,8.066833,8.016833,8.075166000000001,7.9668339999999995,8.016833,7.905011
436,8.008499,8.016833,8.0335,7.9085,7.975167,7.893033
437,7.991834,7.975167,8.0335,7.975167,8.016833,7.873559
438,7.9668339999999995,8.016833,8.041833,7.925167,8.000166,7.901951
439,8.041833,8.000166,8.050166,7.975167,7.941833,7.890067
440,7.991834,7.941833,8.000166,7.925167,7.958499000000001,7.8352594
441,7.975167,7.958499000000001,8.000166,7.925167,7.9501669999999995,7.8486834
442,7.9501669999999995,7.9501669999999995,7.991834,7.9085,7.991834,7.841427
443,7.9501669999999995,7.991834,8.008499,7.925167,8.000166,7.876976
444,7.975167,8.000166,8.000166,7.9335,8.225166,7.878516
445,7.9835,8.225166,8.241833,7.9835,8.166833,8.108206
446,8.191833,8.166833,8.225166,8.133499,8.150167,8.056774
447,8.1585,8.150167,8.166833,8.116833,8.183499000000001,8.029823
448,8.1585,8.183499000000001,8.200167,8.1085,8.191833,8.062101
449,8.191833,8.191833,8.208499,8.141832,8.200167,8.070061
450,8.200167,8.200167,8.208499,8.166833,8.183499000000001,8.077021
451,8.216833,8.183499000000001,8.216833,8.150167,8.041833,8.064712
452,8.150167,8.041833,8.1585,8.041833,8.100166,7.945301
453,8.050166,8.100166,8.1085,8.0335,8.133499,7.981756
454,8.041833,8.133499,8.166833,8.0335,8.131,8.022422
455,8.131,8.131,8.160999,8.091000000000001,8.141,8.015605
456,8.131,8.141,8.171,8.101,8.160999,8.026527
457,8.151,8.160999,8.160999,8.120999000000001,8.171,8.036555
458,8.171,8.171,8.210999000000001,8.141,8.290999000000001,8.058809
459,8.160999,8.290999000000001,8.290999000000001,8.141,8.221,8.165961
460,8.231,8.221,8.261000000000001,8.191,8.131,8.106719
461,8.200999000000001,8.131,8.261000000000001,8.081,8.171,8.035125
462,8.131,8.171,8.200999000000001,8.101,8.191,8.055883
463,8.141,8.191,8.200999000000001,8.120999000000001,8.250999,8.070916
464,8.191,8.250999,8.250999,8.181000000000001,8.261000000000001,8.128016
465,8.250999,8.261000000000001,8.301,8.221,8.271,8.147037
466,8.250999,8.271,8.290999000000001,8.240999,8.370999000000001,8.153104
467,8.250999,8.370999000000001,8.421,8.231,8.370999000000001,8.258657
468,8.361,8.370999000000001,8.391,8.331,8.351,8.248817
469,8.361,8.351,8.381,8.321,8.341000000000001,8.230925
470,8.351,8.341000000000001,8.361,8.301,8.301,8.216918
471,8.351,8.301,8.351,8.290999000000001,8.311,8.185334
472,8.311,8.311,8.351,8.301,8.441,8.198192
473,8.311,8.441,8.450999000000001,8.301,8.551,8.317024
474,8.441,8.551,8.611,8.421,8.500999,8.43802
475,8.531,8.500999,8.561,8.471,8.551,8.3847275
476,8.511000000000001,8.551,8.561,8.471,8.601,8.421652
477,8.551,8.601,8.641,8.531,8.531,8.481471
478,8.601,8.531,8.611,8.511000000000001,8.521,8.416509
479,8.521,8.521,8.551,8.511000000000001,8.551,8.400417
480,8.511000000000001,8.551,8.571,8.511000000000001,8.500999,8.4288025
481,8.551,8.500999,8.551,8.481,8.540999000000001,8.380192
482,8.490999,8.540999000000001,8.540999000000001,8.471,8.671,8.410873
483,8.531,8.671,8.681000000000001,8.531,8.571,8.54366
484,8.681000000000001,8.571,8.731,8.471,8.641,8.464951
485,8.540999000000001,8.641,8.671,8.531,8.761000000000001,8.518882
486,8.641,8.761000000000001,8.801,8.591000000000001,8.841000000000001,8.634807
487,8.740999,8.841000000000001,8.901,8.731,8.811,8.723528
488,8.801,8.811,8.821,8.731,8.740999,8.6725235
489,8.771,8.740999,8.781,8.710999000000001,8.551,8.61351
490,8.731,8.551,8.740999,8.490999,8.601,8.45061
491,8.551,8.601,8.631,8.511000000000001,8.671,8.476353
492,8.601,8.671,8.671,8.571,8.710999000000001,8.537544
493,8.651,8.710999000000001,8.710999000000001,8.631,8.700999000000001,8.577637
494,8.710999000000001,8.700999000000001,8.740999,8.681000000000001,8.781,8.577791
495,8.700999000000001,8.781,8.910999,8.691,9.061,8.684665
496,8.761000000000001,9.061,9.091000000000001,8.740999,9.240999,8.929167
497,9.111,9.240999,9.361,9.071,9.081,9.12935
498,9.240999,9.081,9.240999,9.021,9.111,8.963981
499,9.081,9.111,9.160999,9.040999000000001,9.061,8.982154
500,9.120999000000001,9.061,9.151,8.990999,9.071,8.934468
501,9.051,9.071,9.081,8.990999,8.960999000000001,8.928288
502,9.061,8.960999000000001,9.071,8.921,8.960999000000001,8.841053
503,8.941,8.960999000000001,9.011000000000001,8.931000000000001,8.990999,8.83842
504,8.971,8.990999,8.990999,8.941,9.000999,8.849152
505,8.981,9.000999,9.011000000000001,8.901,9.011000000000001,8.857846
506,9.011000000000001,9.011000000000001,9.030999000000001,8.960999000000001,8.981,8.873075
507,8.971,8.981,9.011000000000001,8.941,9.030999000000001,8.849236
508,8.981,9.030999000000001,9.030999000000001,8.971,9.051,8.89116
509,9.021,9.051,9.061,8.990999,9.011000000000001,8.911775
510,9.051,9.011000000000001,9.081,8.981,9.011000000000001,8.886266
511,8.990999,9.011000000000001,9.021,8.981,8.981,8.87354
512,9.021,8.981,9.021,8.960999000000001,8.971,8.848049
513,8.981,8.971,8.990999,8.921,8.960999000000001,8.832656
514,8.971,8.960999000000001,8.981,8.931000000000001,8.960999000000001,8.824662
515,8.950999000000001,8.960999000000001,8.981,8.941,8.941,8.827732
516,8.960999000000001,8.941,8.990999,8.921,8.721,8.814791
517,8.851,8.721,8.881,8.691,8.750999,8.617749
518,8.740999,8.750999,8.771,8.700999000000001,8.620999000000001,8.619859
519,8.731,8.620999000000001,8.740999,8.611,8.681000000000001,8.5128145
520,8.611,8.681000000000001,8.700999000000001,8.611,8.641,8.556453
521,8.681000000000001,8.641,8.681000000000001,8.601,8.641,8.513356
522,8.641,8.641,8.660999,8.591000000000001,8.721,8.510923
523,8.660999,8.721,8.740999,8.651,8.710999000000001,8.594558
524,8.721,8.710999000000001,8.750999,8.700999000000001,8.601,8.588476
525,8.691,8.601,8.691,8.601,8.620999000000001,8.487885
526,8.601,8.620999000000001,8.631,8.571,8.611,8.490526
527,8.620999000000001,8.611,8.620999000000001,8.591000000000001,8.620999000000001,8.479415
528,8.611,8.620999000000001,8.641,8.611,8.631,8.495752
529,8.620999000000001,8.631,8.660999,8.611,8.681000000000001,8.508454
530,8.660999,8.681000000000001,8.731,8.641,8.710999000000001,8.562821
531,8.691,8.710999000000001,8.710999000000001,8.671,8.691,8.575858
532,8.700999000000001,8.691,8.721,8.681000000000001,8.631,8.565543
533,8.641,8.631,8.671,8.611,8.651,8.509276
534,8.620999000000001,8.651,8.651,8.601,8.611,8.517752
535,8.641,8.611,8.651,8.591000000000001,8.651,8.487165
536,8.591000000000001,8.651,8.651,8.591000000000001,8.641,8.520633
537,8.651,8.641,8.671,8.611,8.631,8.514809
538,8.641,8.631,8.651,8.611,8.691,8.502561
539,8.641,8.691,8.691,8.620999000000001,8.801,8.557693
540,8.691,8.801,8.861,8.681000000000001,8.771,8.684288
541,8.811,8.771,8.821,8.740999,8.710999000000001,8.64485
542,8.781,8.710999000000001,8.781,8.691,8.721,8.589725
543,8.721,8.721,8.731,8.681000000000001,8.731,8.586767
544,8.721,8.731,8.790999000000001,8.700999000000001,8.710999000000001,8.614714
545,8.710999000000001,8.710999000000001,8.721,8.651,8.700999000000001,8.575183
546,8.700999000000001,8.700999000000001,8.721,8.671,8.631,8.571446
547,8.700999000000001,8.631,8.700999000000001,8.611,8.691,8.511385
548,8.620999000000001,8.691,8.700999000000001,8.611,8.671,8.562275
549,8.671,8.671,8.731,8.660999,8.681000000000001,8.557037
550,8.660999,8.681000000000001,8.681000000000001,8.631,8.710999000000001,8.545896
551,8.681000000000001,8.710999000000001,8.710999000000001,8.660999,8.631,8.576436
552,8.700999000000001,8.631,8.700999000000001,8.571,8.700999000000001,8.507168
553,8.660999,8.700999000000001,8.721,8.660999,8.740999,8.57562
554,8.700999000000001,8.740999,8.740999,8.671,8.781,8.605363
555,8.721,8.781,8.811,8.721,8.790999000000001,8.6573715
556,8.761000000000001,8.790999000000001,8.801,8.740999,8.790999000000001,8.658187
557,8.790999000000001,8.790999000000001,8.801,8.761000000000001,8.771,8.656051
558,8.781,8.771,8.781,8.740999,8.740999,8.635336
559,8.771,8.740999,8.771,8.721,8.801,8.611049
560,8.740999,8.801,8.841000000000001,8.731,8.921,8.678692
561,8.801,8.921,8.921,8.790999000000001,9.011000000000001,8.784848
562,8.901,9.011000000000001,9.120999000000001,8.901,9.030999000000001,8.905567
563,9.000999,9.030999000000001,9.081,8.981,9.181000000000001,8.905983
564,9.040999000000001,9.181000000000001,9.181000000000001,9.021,9.191,9.038609
565,9.250999,9.191,9.341000000000001,9.160999,9.181000000000001,9.083562
566,9.151,9.181000000000001,9.261000000000001,9.111,9.111,9.05933
567,9.210999000000001,9.111,9.280999000000001,9.061,9.160999,9.004077
568,9.131,9.160999,9.191,9.111,9.111,9.027055
569,9.160999,9.111,9.160999,9.000999,9.021,8.968594
570,9.061,9.021,9.101,8.971,9.051,8.896905
571,9.040999000000001,9.051,9.081,9.011000000000001,9.040999000000001,8.917749
572,9.040999000000001,9.040999000000001,9.051,8.971,9.081,8.897285
573,9.061,9.081,9.111,8.990999,9.210999000000001,8.943575
574,9.061,9.210999000000001,9.311,9.040999000000001,9.061,9.096472
575,9.210999000000001,9.061,9.331,9.000999,8.981,8.976803
576,9.040999000000001,8.981,9.061,8.891,8.960999000000001,8.850907
577,8.981,8.960999000000001,9.071,8.960999000000001,8.811,8.854527
578,8.931000000000001,8.811,8.971,8.771,8.811,8.7059765
579,8.801,8.811,8.851,8.771,8.761000000000001,8.68609
580,8.781,8.761000000000001,8.790999000000001,8.731,8.671,8.630995
581,8.761000000000001,8.671,8.761000000000001,8.641,8.721,8.553261
582,8.681000000000001,8.721,8.721,8.671,8.700999000000001,8.587371
583,8.710999000000001,8.700999000000001,8.721,8.671,8.641,8.570178
584,8.700999000000001,8.641,8.700999000000001,8.631,8.681000000000001,8.520227
585,8.620999000000001,8.681000000000001,8.691,8.581,8.641,8.54908
586,8.681000000000001,8.641,8.691,8.631,8.620999000000001,8.519516
587,8.641,8.620999000000001,8.671,8.601,8.641,8.501459
588,8.631,8.641,8.651,8.611,8.660999,8.510489
589,8.641,8.660999,8.660999,8.620999000000001,8.721,8.526954
590,8.671,8.721,8.740999,8.651,8.721,8.593441
591,8.710999000000001,8.721,8.740999,8.700999000000001,8.731,8.592987
592,8.731,8.731,8.740999,8.710999000000001,8.691,8.59794
593,8.731,8.691,8.731,8.671,8.710999000000001,8.5642
594,8.691,8.710999000000001,8.731,8.671,8.710999000000001,8.5828705
595,8.710999000000001,8.710999000000001,8.721,8.700999000000001,8.700999000000001,8.578948
596,8.700999000000001,8.700999000000001,8.731,8.691,8.710999000000001,8.576523
597,8.691,8.710999000000001,8.731,8.691,8.721,8.584358
598,8.700999000000001,8.721,8.750999,8.681000000000001,8.700999000000001,8.596012
599,8.710999000000001,8.700999000000001,8.721,8.631,8.710999000000001,8.566492
600,8.681000000000001,8.710999000000001,8.721,8.660999,8.731,8.579885
601,8.700999000000001,8.731,8.750999,8.691,8.740999,8.603716
602,8.710999000000001,8.740999,8.801,8.710999000000001,8.781,8.626751
603,8.731,8.781,8.790999000000001,8.731,8.781,8.650886
604,8.781,8.781,8.821,8.761000000000001,8.831,8.657363
605,8.790999000000001,8.831,8.841000000000001,8.761000000000001,8.821,8.696813
606,8.831,8.821,8.841000000000001,8.811,8.891,8.689067
607,8.831,8.891,8.901,8.821,8.821,8.758075
608,8.901,8.821,8.921,8.790999000000001,8.870999000000001,8.704302
609,8.821,8.870999000000001,8.881,8.821,8.861,8.7389145
610,8.870999000000001,8.861,8.881,8.831,8.861,8.726785
611,8.851,8.861,8.861,8.801,8.870999000000001,8.719912
612,8.861,8.870999000000001,8.891,8.841000000000001,8.891,8.739107
613,8.881,8.891,8.921,8.870999000000001,8.971,8.7629385
614,8.901,8.971,9.000999,8.891,8.960999000000001,8.842515
615,8.971,8.960999000000001,8.981,8.931000000000001,9.011000000000001,8.824662
616,8.960999000000001,9.011000000000001,9.101,8.950999000000001,9.021,8.898858
617,9.011000000000001,9.021,9.061,8.981,8.950999000000001,8.891734
618,9.021,8.950999000000001,9.051,8.931000000000001,9.120999000000001,8.8340225
619,8.960999000000001,9.120999000000001,9.141,8.960999000000001,9.131,8.987703
620,9.111,9.131,9.181000000000001,9.101,9.131,9.004894
621,9.131,9.131,9.131,9.061,9.071,8.982018
622,9.111,9.071,9.131,9.040999000000001,9.061,8.941824
623,9.061,9.061,9.101,9.040999000000001,8.990999,8.931422
624,9.061,8.990999,9.061,8.981,9.040999000000001,8.864912
625,8.990999,9.040999000000001,9.071,8.981,9.051,8.911142
626,9.051,9.051,9.111,9.030999000000001,8.990999,8.928242
627,9.071,8.990999,9.101,8.981,8.960999000000001,8.87611
628,8.971,8.960999000000001,8.990999,8.921,9.011000000000001,8.827123
629,8.960999000000001,9.011000000000001,9.021,8.950999000000001,9.011000000000001,8.875159
630,9.000999,9.011000000000001,9.021,8.960999000000001,8.981,8.870985
631,8.990999,8.981,9.011000000000001,8.960999000000001,8.941,8.848495
632,8.971,8.941,8.990999,8.921,8.960999000000001,8.813522
633,8.941,8.960999000000001,8.971,8.921,9.000999,8.824059
634,8.950999000000001,9.000999,9.011000000000001,8.931000000000001,9.000999,8.864474
635,8.990999,9.000999,9.021,8.971,9.040999000000001,8.8662815
636,8.981,9.040999000000001,9.040999000000001,8.981,9.081,8.902088
637,9.040999000000001,9.081,9.091000000000001,9.011000000000001,8.870999000000001,8.941509
638,9.011000000000001,8.870999000000001,9.021,8.861,8.811,8.763137
639,8.851,8.811,8.870999000000001,8.781,8.801,8.687217
640,8.811,8.801,8.821,8.761000000000001,8.721,8.66716
641,8.761000000000001,8.721,8.781,8.700999000000001,8.761000000000001,8.600078
642,8.721,8.761000000000001,8.801,8.710999000000001,8.750999,8.639511
643,8.761000000000001,8.750999,8.801,8.721,8.700999000000001,8.629021
644,8.681000000000001,8.700999000000001,8.750999,8.641,8.681000000000001,8.580157
645,8.721,8.681000000000001,8.731,8.660999,8.671,8.557711
646,8.691,8.671,8.710999000000001,8.651,8.641,8.54716
647,8.681000000000001,8.641,8.681000000000001,8.620999000000001,8.731,8.515262
648,8.641,8.731,8.740999,8.641,8.771,8.6025915
649,8.721,8.771,8.781,8.710999000000001,8.761000000000001,8.64025
650,8.761000000000001,8.761000000000001,8.781,8.731,8.761000000000001,8.630174
651,8.750999,8.761000000000001,8.781,8.731,8.740999,8.631442
652,8.761000000000001,8.740999,8.771,8.731,8.710999000000001,8.613215
653,8.731,8.710999000000001,8.750999,8.651,8.681000000000001,8.582419
654,8.721,8.681000000000001,8.731,8.660999,8.681000000000001,8.557711
655,8.671,8.681000000000001,8.700999000000001,8.660999,8.641,8.553864
656,8.671,8.641,8.681000000000001,8.620999000000001,8.660999,8.516529
657,8.641,8.660999,8.671,8.611,8.611,8.529678
658,8.651,8.611,8.660999,8.611,8.471,8.49105
659,8.591000000000001,8.471,8.601,8.460999000000001,8.481,8.367466
660,8.460999000000001,8.481,8.500999,8.450999000000001,8.531,8.358649
661,8.481,8.531,8.551,8.460999000000001,8.490999,8.407142
662,8.531,8.490999,8.540999000000001,8.450999000000001,8.561,8.369663
663,8.490999,8.561,8.571,8.490999,8.551,8.435943
664,8.561,8.551,8.571,8.521,8.531,8.42336
665,8.531,8.531,8.540999000000001,8.471,8.551,8.399003
666,8.521,8.551,8.551,8.481,8.500999,8.418126
667,8.521,8.500999,8.521,8.460999000000001,8.471,8.372255
668,8.481,8.471,8.490999,8.450999000000001,8.301,8.345955
669,8.450999000000001,8.301,8.450999000000001,8.281,8.191,8.201985
670,8.301,8.191,8.321,8.141,8.131,8.089491
671,8.160999,8.131,8.181000000000001,8.101,8.200999000000001,8.019087
672,8.120999000000001,8.200999000000001,8.200999000000001,8.111,8.231,8.07895
673,8.191,8.231,8.361,8.181000000000001,8.261000000000001,8.145457
674,8.210999000000001,8.261000000000001,8.281,8.160999,8.460999000000001,8.138991
675,8.240999,8.460999000000001,8.460999000000001,8.200999000000001,8.421,8.330198
676,8.450999000000001,8.421,8.511000000000001,8.370999000000001,8.401,8.312554
677,8.401,8.401,8.410999,8.290999000000001,8.331,8.2667
678,8.370999000000001,8.331,8.370999000000001,8.311,8.290999000000001,8.211774
679,8.281,8.290999000000001,8.331,8.271,8.250999,8.178725
680,8.301,8.250999,8.321,8.240999,8.240999,8.142484
681,8.240999,8.240999,8.290999000000001,8.171,8.351,8.125749
682,8.231,8.351,8.401,8.200999000000001,8.370999000000001,8.237911
683,8.341000000000001,8.370999000000001,8.391,8.240999,8.660999,8.241207
684,8.351,8.660999,8.700999000000001,8.341000000000001,8.660999,8.540921
685,8.641,8.660999,8.691,8.601,8.761000000000001,8.535243
686,8.660999,8.761000000000001,8.790999000000001,8.620999000000001,8.750999,8.633137
687,8.761000000000001,8.750999,8.790999000000001,8.681000000000001,8.731,8.621848
688,8.740999,8.731,8.851,8.700999000000001,8.591000000000001,8.629563
689,8.691,8.591000000000001,8.731,8.551,8.601,8.4868
690,8.571,8.601,8.620999000000001,8.551,8.691,8.475562
691,8.581,8.691,8.710999000000001,8.571,8.691,8.565042
692,8.671,8.691,8.710999000000001,8.641,8.710999000000001,8.562399
693,8.710999000000001,8.710999000000001,8.781,8.681000000000001,8.671,8.596833
694,8.710999000000001,8.671,8.750999,8.660999,8.681000000000001,8.558268
695,8.671,8.681000000000001,8.700999000000001,8.611,8.641,8.54941
696,8.681000000000001,8.641,8.691,8.601,8.601,8.516552
697,8.641,8.601,8.641,8.591000000000001,8.581,8.477007
698,8.601,8.581,8.641,8.571,8.691,8.466481
699,8.591000000000001,8.691,8.710999000000001,8.581,8.681000000000001,8.565062
700,8.681000000000001,8.681000000000001,8.721,8.651,8.710999000000001,8.558528
701,8.731,8.710999000000001,8.740999,8.671,8.811,8.581158
702,8.710999000000001,8.811,8.960999000000001,8.700999000000001,8.811,8.719734
703,8.790999000000001,8.811,8.831,8.721,8.861,8.675979
704,8.821,8.861,8.960999000000001,8.821,8.921,8.755781
705,8.861,8.921,8.950999000000001,8.831,8.990999,8.791236
706,8.910999,8.990999,9.051,8.891,8.990999,8.86951
707,8.990999,8.990999,9.011000000000001,8.931000000000001,8.950999000000001,8.852602
708,8.960999000000001,8.950999000000001,8.990999,8.870999000000001,8.960999000000001,8.816706
709,8.960999000000001,8.960999000000001,8.990999,8.901,8.901,8.82654
710,8.960999000000001,8.901,8.971,8.861,8.931000000000001,8.775049
711,8.851,8.931000000000001,8.941,8.831,8.960999000000001,8.796444
712,8.921,8.960999000000001,8.971,8.870999000000001,9.030999000000001,8.822173
713,8.931000000000001,9.030999000000001,9.040999000000001,8.901,9.151,8.893319
714,9.011000000000001,9.151,9.221,9.000999,9.811,9.030258
715,9.171,9.811,10.021,9.171,9.901,9.7174
716,9.831,9.901,10.141,9.761000000000001,10.460999999999999,9.807371
717,9.861,10.460999999999999,10.460999999999999,9.801,10.460999999999999,10.288216
718,10.370999999999999,10.460999999999999,10.501,10.221,10.370999999999999,10.290396
719,10.511,10.370999999999999,10.890999999999998,10.280999999999999,10.610999999999999,10.330172
720,10.311,10.610999999999999,10.700999999999999,10.181000000000001,10.651,10.453563
721,10.550999999999998,10.651,10.751,10.440999999999999,10.530999999999999,10.498302
722,10.640999999999998,10.530999999999999,10.780999999999999,10.470999999999998,10.609000000000002,10.416944
723,10.549000000000001,10.609000000000002,10.669,10.409,10.669,10.442402
724,10.539000000000001,10.669,10.779000000000002,10.449000000000002,10.719000000000001,10.521009
725,10.699000000000002,10.719000000000001,10.989,10.669,10.459000000000001,10.622624
726,10.639000000000001,10.459000000000001,10.899000000000001,10.379000000000001,10.309000000000001,10.39035
727,10.439,10.309000000000001,10.489,10.249,10.459000000000001,10.177107
728,10.329,10.459000000000001,10.529000000000002,10.299000000000001,10.389000000000001,10.31053
729,10.519,10.389000000000001,10.539000000000001,10.169,10.759,10.228828
730,10.359000000000002,10.759,10.799000000000001,10.319,10.869000000000002,10.594471
731,10.769,10.869000000000002,11.059000000000001,10.679,10.729000000000001,10.739951
732,10.859000000000002,10.729000000000001,10.939,10.689,10.889000000000001,10.59974
733,10.719000000000001,10.889000000000001,11.009,10.649000000000001,10.719000000000001,10.741765
734,10.779000000000002,10.719000000000001,10.889000000000001,10.619000000000002,10.769,10.579543
735,10.719000000000001,10.769,10.829,10.629000000000001,10.449000000000002,10.6049385
736,10.679,10.449000000000002,10.739,10.399000000000001,10.339,10.33567
737,10.419,10.339,10.539000000000001,10.259,9.738999999999999,10.215525
738,10.199,9.738999999999999,10.259,9.709,9.939,9.681575
739,9.849,9.939,9.969,9.759,10.029,9.782534
740,9.959,10.029,10.229,9.929,10.059,9.926035
741,10.009,10.059,10.089,9.868999,10.139,9.894593
742,10.068999999999999,10.139,10.139,10.009,10.158999999999999,9.972126
743,10.079,10.158999999999999,10.319,10.009,10.179,10.037552
744,10.149,10.179,10.238999999999999,10.109,10.369000000000002,10.03163
745,10.199,10.369000000000002,10.379000000000001,10.089,10.619000000000002,10.196033
746,10.349,10.619000000000002,10.699000000000002,10.309000000000001,10.649000000000001,10.468845
747,10.609000000000002,10.649000000000001,10.829,10.559000000000001,10.829,10.526053
748,10.659,10.829,10.889000000000001,10.619000000000002,11.069,10.669262
749,10.819,11.069,11.259,10.819,11.389000000000001,10.945982
750,11.019,11.389000000000001,11.459000000000001,10.999,11.149000000000001,11.223074
751,11.399000000000001,11.149000000000001,11.419,11.069,10.999,11.0107
752,11.109000000000002,10.999,11.159,10.869000000000002,10.929,10.842254
753,10.999,10.929,11.109000000000002,10.869000000000002,11.439,10.791729
754,10.899000000000001,11.439,11.439,10.889000000000001,11.359000000000002,11.25297
755,11.399000000000001,11.359000000000002,11.659,11.319,11.419,11.2531395
756,11.309000000000001,11.419,11.599,11.199000000000002,11.159,11.274099
757,11.369000000000002,11.159,11.469000000000001,11.109000000000002,11.209000000000001,11.039768
758,11.179,11.209000000000001,11.359000000000002,11.099,11.099,11.063217
759,11.259,11.099,11.409,11.019,11.259,10.98311
760,11.099,11.259,11.259,10.989,11.149000000000001,11.06587
761,11.209000000000001,11.149000000000001,11.259,11.059000000000001,11.039000000000001,10.984236
762,11.149000000000001,11.039000000000001,11.309000000000001,10.959000000000001,11.009,10.91847
763,11.009,11.009,11.039000000000001,10.869000000000002,10.969000000000001,10.823971
764,10.969000000000001,10.969000000000001,11.039000000000001,10.919,10.849,10.806329
765,10.969000000000001,10.849,11.059000000000001,10.799000000000001,11.009,10.717382
766,10.859000000000002,11.009,11.089,10.769,11.179,10.845808
767,10.979000000000001,11.179,11.229000000000001,10.919,11.159,11.007265
768,11.149000000000001,11.159,11.239,11.029000000000002,11.009,10.989227
769,11.159,11.009,11.169,10.899000000000001,10.769,10.849867
770,10.979000000000001,10.769,11.019,10.679,10.649000000000001,10.635737
771,10.729000000000001,10.649000000000001,10.799000000000001,10.619000000000002,10.599,10.510855
772,10.699000000000002,10.599,10.699000000000002,10.539000000000001,10.829,10.44042
773,10.639000000000001,10.829,10.879000000000001,10.579,11.019,10.664103
774,11.289000000000001,11.019,11.359000000000002,10.979000000000001,11.189,10.905474
775,11.049000000000001,11.189,11.219000000000001,11.049000000000001,11.249,11.017903
776,11.199000000000002,11.249,11.299000000000001,11.059000000000001,11.269,11.066814
777,11.259,11.269,11.299000000000001,11.189,11.079,11.085108
778,11.279000000000002,11.079,11.279000000000002,10.969000000000001,11.309000000000001,10.924309
779,11.079,11.309000000000001,11.319,11.009,11.229000000000001,11.12215
780,11.339,11.229000000000001,11.369000000000002,11.199000000000002,11.409,11.071871
781,11.249,11.409,11.419,11.229000000000001,11.349,11.225466
782,11.359000000000002,11.349,11.439,11.289000000000001,11.199000000000002,11.182817
783,11.309000000000001,11.199000000000002,11.309000000000001,11.129000000000001,10.909,11.028927
784,11.109000000000002,10.909,11.119000000000002,10.869000000000002,11.109000000000002,10.768421
785,10.919,11.109000000000002,11.139000000000001,10.899000000000001,10.989,10.9375
786,11.079,10.989,11.089,10.969000000000001,10.899000000000001,10.82726
787,10.969000000000001,10.899000000000001,11.039000000000001,10.839,11.279000000000002,10.750744
788,10.909,11.279000000000002,11.279000000000002,10.899000000000001,11.279000000000002,11.096425
789,11.269,11.279000000000002,11.449000000000002,11.169,11.259,11.135315
790,11.269,11.259,11.299000000000001,11.109000000000002,11.119000000000002,11.06986
791,11.279000000000002,11.119000000000002,11.309000000000001,11.039000000000001,11.259,10.968555
792,11.079,11.259,11.299000000000001,10.979000000000001,11.109000000000002,11.078354
793,11.209000000000001,11.109000000000002,11.399000000000001,11.069,10.999,10.998465
794,11.139000000000001,10.999,11.139000000000001,10.809000000000001,11.639000000000001,10.826393
795,10.989,11.639000000000001,11.809000000000001,10.969000000000001,11.849,11.496118
796,11.719000000000001,11.849,12.309000000000001,11.649000000000001,12.049000000000001,11.779945
797,11.919,12.049000000000001,12.289000000000001,11.869000000000002,12.019,11.915689
798,12.089,12.019,12.269,11.869000000000002,12.619000000000002,11.870203
799,12.069,12.619000000000002,12.819,12.069,12.669,12.468042
800,12.669,12.669,12.979000000000001,12.529000000000002,12.619000000000002,12.533575
801,12.619000000000002,12.619000000000002,12.849,12.489,12.819,12.46291
802,12.619000000000002,12.819,12.839,12.389000000000001,12.899000000000001,12.587467
803,12.889000000000001,12.899000000000001,13.179,12.749,13.969000000000001,12.750535
804,12.849,13.969000000000001,13.969000000000001,12.769,14.169,13.722521
805,13.789000000000001,14.169,14.509,13.729000000000001,14.819,14.0212345
806,14.199000000000002,14.819,14.959000000000001,14.199000000000002,14.069,14.607974
807,14.869000000000002,14.069,14.959000000000001,13.789000000000001,14.279000000000002,13.964952
808,14.009,14.279000000000002,14.309000000000001,13.499,13.649000000000001,13.987095
809,14.019,13.649000000000001,14.019,13.469000000000001,13.419,13.465332
810,13.569,13.419,13.569,13.119000000000002,13.539000000000001,13.187797
811,13.449000000000002,13.539000000000001,13.649000000000001,13.189,13.099,13.315877
812,13.419,13.099,13.449000000000002,12.979000000000001,12.719000000000001,12.93292
813,13.119000000000002,12.719000000000001,13.199000000000002,12.679,13.019,12.597393
814,12.769,13.019,13.089,12.719000000000001,13.019,12.818159
815,12.869000000000002,13.019,13.209000000000001,12.819,12.799000000000001,12.852522
816,12.979000000000001,12.799000000000001,12.989,12.509,12.549000000000001,12.589743
817,12.769,12.549000000000001,12.859000000000002,12.469000000000001,12.809000000000001,12.398172
818,12.609000000000002,12.809000000000001,12.809000000000001,12.469000000000001,13.219000000000001,12.582194
819,12.799000000000001,13.219000000000001,13.289000000000001,12.599,12.739,12.996882
820,13.119000000000002,12.739,13.199000000000002,12.739,12.849,12.617947
821,12.719000000000001,12.849,12.919,12.599,12.719000000000001,12.643755
822,12.869000000000002,12.719000000000001,13.029000000000002,12.629000000000001,12.439,12.571537
823,12.619000000000002,12.439,12.649000000000001,12.389000000000001,12.469000000000001,12.268372
824,12.449000000000002,12.469000000000001,12.629000000000001,12.359000000000002,12.999,12.300407
825,12.509,12.999,13.039000000000001,12.459000000000001,12.979000000000001,12.789528
826,12.919,12.979000000000001,13.029000000000002,12.849,13.259,12.767402
827,12.899000000000001,13.259,13.399000000000001,12.879000000000001,13.239,13.076604
828,13.219000000000001,13.239,13.349,13.169,12.969000000000001,13.042345
829,13.239,12.969000000000001,13.579,12.879000000000001,13.379000000000001,12.888681
830,12.979000000000001,13.379000000000001,13.409,12.909,13.009,13.157188
831,13.299000000000001,13.009,13.499,12.909,12.929,12.890371
832,12.999,12.929,13.179,12.739,13.019,12.757935
833,12.929,13.019,13.149000000000001,12.819,13.419,12.828743
834,13.069,13.419,13.649000000000001,13.039000000000001,13.049000000000001,13.257994
835,13.449000000000002,13.049000000000001,13.579,12.919,12.969000000000001,12.925292
836,13.039000000000001,12.969000000000001,13.089,12.849,13.019,12.765446
837,12.929,13.019,13.069,12.869000000000002,12.679,12.808561
838,12.969000000000001,12.679,13.009,12.579,12.799000000000001,12.5212
839,12.679,12.799000000000001,12.919,12.639000000000001,13.189,12.618074
840,12.759,13.189,13.209000000000001,12.639000000000001,13.119000000000002,12.962301
841,13.129000000000001,13.119000000000002,13.309000000000001,12.989,13.269,12.940668
842,13.169,13.269,13.399000000000001,13.129000000000001,13.919,13.0817175
843,13.229000000000001,13.919,14.049000000000001,13.219000000000001,13.919,13.721379
844,13.889000000000001,13.919,14.099,13.739,13.949000000000002,13.721024
845,14.049000000000001,13.949000000000002,14.519,13.919,14.439,13.864001
846,14.119000000000002,14.439,14.439,13.999,14.519,14.182103
847,14.519,14.519,14.849,14.399000000000001,14.159,14.355513
848,14.319,14.159,14.659,14.149000000000001,14.369000000000002,14.045559
849,14.079,14.369000000000002,14.619000000000002,14.049000000000001,14.359000000000002,14.195304
850,14.379000000000001,14.359000000000002,14.799000000000001,14.219000000000001,13.919,14.225438
851,14.169,13.919,14.189,13.719000000000001,13.769,13.712947
852,13.899000000000001,13.769,14.059000000000001,13.739,13.459000000000001,13.604346
853,13.769,13.459000000000001,13.969000000000001,13.319,13.369000000000002,13.330523
854,13.419,13.369000000000002,13.559000000000001,13.269,13.769,13.184019
855,13.319,13.769,13.769,13.249,13.749,13.530951
856,13.669,13.749,14.019,13.559000000000001,13.769,13.584402
857,13.629000000000001,13.769,13.819,13.349,14.269,13.521788
858,13.519,14.269,14.289000000000001,13.449000000000002,13.719000000000001,14.025385
859,13.949000000000002,13.719000000000001,14.049000000000001,13.649000000000001,12.639000000000001,13.550812
860,13.939,12.639000000000001,14.019,12.479000000000001,12.259,12.629927
861,12.549000000000001,12.259,12.639000000000001,12.249,11.409,12.13384
862,11.799000000000001,11.409,11.799000000000001,11.099,11.439,11.258039
863,11.499,11.439,11.559000000000001,11.279000000000002,11.659,11.2644615
864,11.589,11.659,11.929,11.559000000000001,11.719000000000001,11.544217
865,11.679,11.719000000000001,11.749,11.479000000000001,12.179,11.51445
866,11.969000000000001,12.179,12.249,11.969000000000001,12.329,12.00028
867,12.299000000000001,12.329,12.509,12.169,12.349,12.164265
868,12.489,12.349,12.569,12.169,11.999,12.174011
869,12.359000000000002,11.999,12.419,11.909,11.769,11.873434
870,11.819,11.769,11.909,11.649000000000001,11.759,11.599237
871,11.639000000000001,11.759,11.869000000000002,11.619000000000002,11.669,11.597755
872,11.639000000000001,11.669,11.759,11.569,11.579,11.497331
873,11.649000000000001,11.579,11.799000000000001,11.519,11.819,11.440458
874,11.669,11.819,11.829,11.489,11.769,11.609879
875,11.869000000000002,11.769,12.059000000000001,11.759,11.829,11.649019
876,11.769,11.829,11.869000000000002,11.669,11.809000000000001,11.635746
877,11.869000000000002,11.809000000000001,11.919,11.699000000000002,11.749,11.628557
878,11.869000000000002,11.749,11.889000000000001,11.669,11.739,11.574862
879,11.759,11.739,11.939,11.719000000000001,11.639000000000001,11.601774
880,11.699000000000002,11.639000000000001,11.719000000000001,11.549000000000001,11.429,11.454277
881,11.509,11.429,11.569,11.379000000000001,11.359000000000002,11.26949
882,11.439,11.359000000000002,11.569,11.359000000000002,11.549000000000001,11.227596
883,11.379000000000001,11.549000000000001,11.559000000000001,11.329,11.539000000000001,11.359847
884,11.459000000000001,11.539000000000001,11.599,11.439,11.619000000000002,11.366534
885,11.669,11.619000000000002,11.839,11.569,11.379000000000001,11.4830475
886,11.619000000000002,11.379000000000001,11.689,11.339,11.059000000000001,11.253269
887,10.969000000000001,11.059000000000001,11.069,10.639000000000001,10.649000000000001,10.8477545
888,10.869000000000002,10.649000000000001,10.919,10.579,10.659,10.524924
889,10.819,10.659,10.889000000000001,10.579,10.609000000000002,10.528903
890,10.569,10.609000000000002,10.859000000000002,10.509,10.769,10.505625
891,10.639000000000001,10.769,10.889000000000001,10.269,10.619000000000002,10.5900955
892,10.759,10.619000000000002,10.769,10.599,10.429,10.474958
893,10.589,10.429,10.709000000000001,10.419,10.279000000000002,10.325572
894,10.319,10.279000000000002,10.389000000000001,10.229,10.589,10.138762
895,10.399000000000001,10.589,10.729000000000001,10.319,10.739,10.452126
896,10.519,10.739,10.819,10.449000000000002,11.139000000000001,10.583199
897,10.739,11.139000000000001,11.179,10.689,11.549000000000001,10.965935
898,11.109000000000002,11.549000000000001,11.639000000000001,11.099,11.239,11.386649
899,11.519,11.239,11.549000000000001,11.139000000000001,11.289000000000001,11.104715
900,11.359000000000002,11.289000000000001,11.509,11.169,10.819,11.149288
901,11.189,10.819,11.189,10.749,10.929,10.703339
902,10.839,10.929,11.169,10.829,11.219000000000001,10.822126
903,11.169,11.219000000000001,11.329,10.999,11.189,11.051368
904,11.239,11.189,11.409,11.139000000000001,11.069,11.061422
905,11.229000000000001,11.069,11.299000000000001,10.919,11.289000000000001,10.922964
906,11.019,11.289000000000001,11.329,10.979000000000001,11.579,11.1144085
907,11.349,11.579,11.659,11.299000000000001,11.399000000000001,11.409093
908,11.479000000000001,11.399000000000001,11.529000000000002,11.349,11.139000000000001,11.236916
909,11.379000000000001,11.139000000000001,11.409,11.029000000000002,10.569,10.998604
910,11.209000000000001,10.569,11.229000000000001,10.349,10.599,10.493586
911,10.689,10.599,10.749,10.519,10.469000000000001,10.455111
912,10.579,10.469000000000001,10.599,10.289000000000001,10.399000000000001,10.3083515
913,10.449000000000002,10.399000000000001,10.549000000000001,10.379000000000001,10.529000000000002,10.270289
914,10.419,10.529000000000002,10.549000000000001,10.359000000000002,10.729000000000001,10.361563
915,10.549000000000001,10.729000000000001,10.869000000000002,10.519,10.689,10.5951
916,10.699000000000002,10.689,10.749,10.599,10.729000000000001,10.524053
917,10.749,10.729000000000001,10.809000000000001,10.629000000000001,10.729000000000001,10.567373
918,10.759,10.729000000000001,10.849,10.679,10.899000000000001,10.583878
919,10.809000000000001,10.899000000000001,10.949000000000002,10.749,10.839,10.732937
920,10.899000000000001,10.839,10.909,10.739,10.619000000000002,10.666883
921,10.789000000000001,10.619000000000002,10.789000000000001,10.609000000000002,10.539000000000001,10.47859
922,10.629000000000001,10.539000000000001,10.659,10.499,10.679,10.3913
923,10.529000000000002,10.679,10.689,10.479000000000001,10.669,10.506852
924,10.789000000000001,10.669,10.829,10.649000000000001,10.579,10.529623
925,10.669,10.579,10.699000000000002,10.509,10.369000000000002,10.427488
926,10.539000000000001,10.369000000000002,10.539000000000001,10.339,10.329,10.231788
927,10.379000000000001,10.329,10.399000000000001,10.299000000000001,10.309000000000001,10.17536
928,10.329,10.309000000000001,10.389000000000001,10.269,10.309000000000001,10.162048
929,10.299000000000001,10.309000000000001,10.379000000000001,10.229,10.099,10.158632
930,10.299000000000001,10.099,10.349,10.068999999999999,9.799,9.98672
931,10.009,9.799,10.009,9.769,9.899,9.680058
932,9.829,9.899,9.908999,9.738999999999999,9.908999,9.737516
933,9.868999,9.908999,10.009,9.789,9.988999999999999,9.7742815
934,9.948999,9.988999999999999,10.029,9.868999,9.979,9.83546
935,10.009,9.979,10.019,9.829,9.859,9.81392
936,9.969,9.859,9.979,9.818999999999999,10.089,9.722901
937,9.919,10.089,10.179,9.899,9.839,9.954487
938,10.049,9.839,10.049,9.779,9.759,9.715871
939,9.779,9.759,9.849,9.719,9.779,9.626654
940,9.749,9.779,9.799,9.669,9.669,9.623163
941,9.759,9.669,9.779,9.669,9.789,9.540126
942,9.669,9.789,9.868999,9.639,9.889,9.6564455
943,9.799,9.889,10.009,9.779,9.589,9.767082
944,9.769,9.589,9.868999,9.539,9.629,9.495152
945,9.589,9.629,9.669,9.479,9.579,9.479244
946,9.648999,9.579,9.759,9.579,9.568999,9.47484
947,9.519,9.568999,9.589,9.488999999999999,9.179,9.422884
948,9.629,9.179,9.639,9.099,9.079,9.110835
949,9.108999,9.079,9.158999,8.809,8.809,8.929895
950,9.028999,8.809,9.118999,8.749,8.639,8.733284
951,8.669,8.639,8.799,8.589,8.809,8.546237
952,8.729,8.809,8.849,8.679,8.329,8.681952
953,8.769,8.329,8.769,8.269,8.389,8.275085
954,8.408999,8.389,8.419,8.169,8.329,8.245896
955,8.349,8.329,8.469,8.329,8.318999,8.243379
956,8.339,8.318999,8.448999,8.269,8.379,8.225044
957,8.329,8.379,8.499,8.169,8.749,8.270663
958,8.408999,8.749,8.749,8.398999,8.698999,8.615759
959,8.738999999999999,8.698999,8.738999999999999,8.608999,8.499,8.565184
960,8.479,8.499,8.549,8.398999,8.735,8.377548
961,8.454999,8.735,8.825,8.434999000000001,8.735,8.626637
962,8.775,8.735,8.794999,8.674999,8.584999,8.609645
963,8.704999,8.584999,8.754999,8.544999,8.575,8.487226
964,8.594999000000001,8.575,8.605,8.514999000000001,8.554999,8.446044
965,8.605,8.554999,8.704999,8.544999,8.584999,8.463338
966,8.605,8.584999,8.664999,8.544999,8.964999,8.472765
967,8.584999,8.964999,9.054999,8.464999,9.275,8.840597
968,8.895,9.275,9.304999,8.855,9.254999,9.136566
969,9.244999,9.254999,9.445,9.184999000000001,9.235,9.160973
970,9.294999,9.235,9.324999,9.184999000000001,9.105,9.107351
971,9.254999,9.105,9.334999,9.065,9.105,9.01083
972,9.155,9.105,9.214999,9.034999000000001,9.244999,8.984422
973,9.174999,9.244999,9.344999000000001,9.115,9.275,9.125425
974,9.224999,9.275,9.344999000000001,9.105,9.004999,9.139523
975,9.275,9.004999,9.355,8.964999,8.794999,8.933545
976,8.985,8.794999,9.004999,8.735,8.764999000000001,8.694436
977,8.784999000000001,8.764999000000001,8.954999,8.764999000000001,8.794999,8.685122
978,8.794999,8.794999,8.964999,8.744999,9.025,8.705394
979,8.815,9.025,9.025,8.735,8.905,8.878689
980,9.014999000000001,8.905,9.014999000000001,8.895,9.145,8.788436
981,8.895,9.145,9.204999,8.875,9.084999,9.020172
982,9.155,9.084999,9.174999,9.014999000000001,8.905,8.956884
983,8.974999,8.905,9.014999000000001,8.754999,8.855,8.776995
984,8.884999,8.855,8.895,8.794999,8.645,8.722181
985,8.875,8.645,8.875,8.605,8.634999,8.550859
986,8.584999,8.634999,8.744999,8.494999,8.664999,8.526783
987,8.735,8.664999,8.794999,8.634999,8.855,8.560996
988,8.754999,8.855,8.875,8.724999,9.084999,8.723595
989,8.875,9.084999,9.115,8.865,9.145,8.954015
990,9.094999000000001,9.145,9.195,8.985,9.214999,9.007498
991,9.155,9.214999,9.275,9.084999,9.884999,9.083506
992,9.164999,9.884999,10.135,9.145,10.285,9.798914
993,9.875,10.285,10.285,9.824999,10.145,10.117159
994,10.195,10.145,10.285,10.095,10.125,10.01498
995,10.105,10.125,10.185,10.005,9.974999,9.972454
996,10.125,9.974999,10.205,9.934999000000001,9.985,9.863886
997,9.985,9.985,10.175,9.955,10.045,9.880185
998,9.945,10.045,10.155,9.945,10.285,9.91945
999,10.055,10.285,10.405,9.924999,9.905,10.142591
1000,10.155,9.905,10.185,9.905,9.824999,9.802866
1001,9.905,9.824999,9.995,9.804999,9.865,9.709811
1002,9.895,9.865,10.035,9.784999000000001,9.735,9.747798
1003,9.865,9.735,9.924999,9.695,9.764999000000001,9.619405
1004,9.754999,9.764999000000001,9.884999,9.664999,9.735,9.637702
1005,9.724999,9.735,9.824999,9.674999,9.815,9.604291
1006,9.945,9.815,9.955,9.695,9.695,9.674522
1007,9.834999,9.695,9.834999,9.664999,9.544999,9.565935
1008,9.655,9.544999,9.655,9.534999000000001,9.934999000000001,9.415198
1009,9.584999,9.934999000000001,9.974999,9.554999,10.095,9.787756
1010,9.884999,10.095,10.195,9.884999,10.085,9.965409
1011,10.125,10.085,10.215,10.045,10.525,9.955553
1012,10.115,10.525,10.555,10.035,10.405,10.357616
1013,10.375,10.405,10.535,10.335,10.565,10.273727
1014,10.465,10.565,10.775,10.375,10.595,10.447564
1015,10.505,10.595,10.695,10.425,10.905,10.446821
1016,10.635,10.905,11.125,10.635,10.305,10.793677
1017,10.555,10.305,10.645,10.305,10.415,10.212158
1018,10.315,10.415,10.555,10.245,10.305,10.282831
1019,10.395,10.305,10.515,10.235,9.714999,10.185055
1020,9.905,9.714999,10.015,9.554999,10.155,9.610779
1021,9.824999,10.155,10.195,9.724999,9.964999,9.995558
1022,10.245,9.964999,10.325,9.945,10.225,9.878851
1023,9.995,10.225,10.395,9.974999,10.185,10.110495
1024,10.355,10.185,10.405,9.995,9.945,10.047674
1025,10.145,9.945,10.145,9.915,10.615,9.821485
1026,9.804999,10.615,10.635,9.775,11.005,10.447901
1027,10.665,11.005,11.315,10.635,10.695,10.913804
1028,11.055,10.695,11.075,10.585,10.895,10.581171
1029,10.755,10.895,11.185,10.655,11.145,10.792698
1030,10.655,11.145,11.145,10.565,11.035,10.955705
1031,11.145,11.035,11.165,10.815,10.605,10.858786
1032,11.055,10.605,11.095,10.475,10.755,10.511921
1033,10.635,10.755,10.935,10.585,10.765,10.629829
1034,10.805,10.765,10.845,10.605,10.685,10.594158
1035,10.845,10.685,10.905,10.615,10.945,10.552687
1036,10.895,10.945,11.015,10.685,10.775,10.766771
1037,10.805,10.775,10.895,10.675,10.695,10.623567
1038,10.725,10.695,10.785,10.585,10.665,10.535028
1039,10.685,10.665,10.805,10.605,10.745,10.527065
1040,10.735,10.745,10.825,10.675,10.405,10.589779
1041,10.565,10.405,10.585,10.255,10.415,10.257662
1042,10.315,10.415,10.435,10.235,10.395,10.247531
1043,10.265,10.395,10.505,10.235,10.295,10.259165
1044,10.385,10.295,10.405,10.275,10.475,10.151152
1045,10.295,10.475,10.495,10.275,10.425,10.313021
1046,10.465,10.425,10.575,10.345,10.705,10.29008
1047,10.425,10.705,10.735,10.425,10.425,10.543461
1048,10.605,10.425,10.655,10.375,10.465,10.300637
1049,10.355,10.465,10.525,10.335,10.405,10.314742
1050,10.525,10.405,10.525,10.335,10.175,10.253341
1051,10.385,10.175,10.435,10.165,10.195,10.065243
1052,10.195,10.195,10.315,10.155,10.035,10.065029
1053,10.205,10.035,10.245,10.015,10.135,9.917064
1054,10.025,10.135,10.165,10.015,10.055,9.983765
1055,10.205,10.055,10.245,10.045,10.215,9.93435
1056,10.075,10.215,10.215,10.025,10.445,10.049062
1057,10.445,10.445,10.515,10.325,10.445,10.286583
1058,10.425,10.445,10.475,10.385,10.305,10.281651
1059,10.345,10.305,10.365,10.255,10.105,10.1479845
1060,10.215,10.105,10.225,10.085,10.135,9.965786
1061,10.155,10.135,10.245,10.125,10.025,10.0042305
1062,10.075,10.025,10.125,9.985,10.085,9.886576
1063,10.065,10.085,10.115,10.025,10.095,9.929289
1064,10.155,10.095,10.175,10.055,10.245,9.947478
1065,10.105,10.245,10.335,10.055,10.025,10.104099
1066,10.195,10.025,10.205,10.015,10.145,9.899854
1067,10.015,10.145,10.185,9.955,9.974999,9.990697
1068,10.055,9.974999,10.175,9.955,9.794999,9.865431
1069,9.995,9.794999,10.035,9.754999,9.565,9.684656
1070,9.775,9.565,9.824999,9.485,9.304999,9.459169
1071,9.534999000000001,9.304999,9.554999,9.184999000000001,9.275,9.194609
1072,9.254999,9.275,9.304999,9.164999,9.195,9.131563
1073,9.145,9.195,9.284999000000001,9.065,9.155,9.07132
1074,9.204999,9.155,9.275,9.125,9.134999,9.040839
1075,9.304999,9.134999,9.344999000000001,9.134999,9.235,9.036863
1076,9.164999,9.235,9.315,9.164999,9.044999,9.116744
1077,9.244999,9.044999,9.275,9.014999000000001,9.134999,8.947554
1078,9.034999000000001,9.134999,9.184999000000001,9.004999,9.605,9.006681
1079,9.094999000000001,9.605,9.674999,9.075,9.594999000000001,9.47354
1080,9.695,9.594999000000001,9.704999,9.485,9.514999000000001,9.454752
1081,9.584999,9.514999000000001,9.594999000000001,9.474999,9.794999,9.378257
1082,9.594999000000001,9.794999,9.934999000000001,9.554999,9.955,9.678114
1083,9.724999,9.955,10.055,9.714999,10.055,9.82696
1084,9.964999,10.055,10.075,9.905,9.964999,9.896835
1085,10.075,9.964999,10.105,9.924999,10.095,9.832923
1086,9.964999,10.095,10.135,9.945,10.335,9.946216
1087,10.095,10.335,10.355,10.085,10.105,10.176764
1088,10.395,10.105,10.425,10.025,10.285,9.996803
1089,10.195,10.285,10.345,10.135,10.195,10.133743
1090,10.195,10.195,10.325,10.175,10.135,10.070148
1091,10.195,10.135,10.295,10.115,10.205,10.013161
1092,10.145,10.205,10.325,10.145,10.375,10.07926
1093,10.255,10.375,10.405,10.225,10.855,10.216798
1094,10.415,10.855,10.895,10.405,10.795,10.691931
1095,10.895,10.795,10.995,10.735,10.855,10.6626835
1096,10.815,10.855,10.925,10.625,10.805,10.680817
1097,10.805,10.805,11.035,10.715,10.955,10.688785
1098,10.835,10.955,11.055,10.795,11.055,10.804296
1099,11.055,11.055,11.105,10.815,11.065,10.865608
1100,10.935,11.065,11.065,10.825,11.045,10.875693
1101,11.055,11.045,11.165,10.885,11.235,10.883723
1102,11.045,11.235,11.265,10.975,11.105,11.055364
1103,11.155,11.105,11.185,11.045,10.805,10.935564
1104,11.085,10.805,11.085,10.755,11.215,10.676308
1105,10.905,11.215,11.215,10.895,11.125,11.033791
1106,11.215,11.125,11.475,11.095,11.265,11.033486
1107,11.185,11.265,11.385,11.105,11.215,11.109486
1108,11.235,11.215,11.405,11.135,11.395,11.078316
1109,11.205,11.395,11.425,11.005,12.405,11.197476
1110,11.555,12.405,12.495,11.425,12.055,12.211525
1111,12.405,12.055,12.425,12.005,12.255,11.91962
1112,12.095,12.255,12.515,12.005,12.215,12.118767
1113,12.295,12.215,12.465,12.125,12.615,12.068087
1114,12.335,12.615,12.635,12.055,12.845,12.3815155
1115,12.555,12.845,13.235,12.475,12.915,12.735162
1116,12.765,12.915,13.145,12.695,12.935,12.759662
1117,12.915,12.935,13.005,12.695,12.595,12.715509
1118,12.915,12.595,12.915,12.405,12.155,12.422461
1119,12.345,12.155,12.555,12.105,12.175,12.044225
1120,12.155,12.175,12.345,11.905,12.215,11.996799
1121,12.345,12.215,12.495,12.095,12.225,12.0676365
1122,12.195,12.225,12.405,11.985,12.285,12.0532
1123,12.185,12.285,12.475,12.125,12.355,12.131781
1124,12.195,12.355,12.535,12.195,12.765,12.204268
1125,12.385,12.765,12.795,12.175,12.645,12.53928
1126,12.775,12.645,12.795,12.465,12.605,12.444281
1127,12.535,12.605,12.735,12.475,12.545,12.428526
1128,12.625,12.545,12.655,12.435,12.445,12.346785
1129,12.545,12.445,12.595,12.355,11.965,12.261131
1130,12.255,11.965,12.255,11.955,11.955,11.819726
1131,12.085,11.955,12.145,11.865,12.235,11.790329
1132,12.095,12.235,12.325,12.035,12.075,12.054205
1133,12.165,12.075,12.165,11.955,12.675,11.87789
1134,12.115,12.675,12.675,12.065,13.035,12.460312
1135,12.685,13.035,13.405,12.685,13.215,12.924738
1136,13.135,13.215,13.335,13.085,13.295,13.024132
1137,13.065,13.295,13.305,13.005,13.715,13.070185
1138,13.285,13.715,13.855,13.285,13.815,13.525854
1139,13.755,13.815,14.285,13.575,13.665,13.698141
1140,13.725,13.665,13.835,13.605,13.585,13.47019
1141,13.605,13.585,13.735,13.255,13.395,13.362362
1142,13.585,13.395,13.815,13.345,13.275,13.265769
1143,13.345,13.275,13.445,13.065,13.545,13.072139
1144,13.575,13.545,13.945,13.515,14.435,13.427287
1145,13.525,14.435,14.435,13.405,14.205,14.175304
1146,14.275,14.205,14.445,14.085,14.195,14.014171
1147,14.155,14.195,14.225,13.965,14.585,13.939379
1148,14.305,14.585,14.655,14.155,14.005,14.342237
1149,14.455,14.005,14.695,13.935,13.925,13.909258
1150,13.955,13.925,14.055,13.825,14.295,13.711479
1151,14.305,14.295,14.455,14.015,13.985,14.068178
1152,14.235,13.985,14.495,13.985,13.645,13.868773
1153,13.935,13.645,14.105,13.555,13.955,13.50658
1154,13.755,13.955,14.185,13.715,13.705,13.782717
1155,13.845,13.705,13.905,13.445,12.725,13.488819
1156,12.955,12.725,13.205,12.565,12.805,12.608934
1157,12.885,12.805,12.945,12.575,12.455,12.599057
1158,12.575,12.455,12.765,12.355,12.015,12.314893
1159,12.375,12.015,12.435,11.905,12.535,11.886852
1160,12.195,12.535,12.605,11.955,12.155,12.321817
1161,12.185,12.155,12.395,12.085,12.345,12.014261
1162,12.055,12.345,12.605,12.015,12.775,12.212437
1163,12.435,12.775,12.965,12.425,12.705,12.617439
1164,12.785,12.705,12.845,12.635,12.295,12.517035
1165,12.775,12.295,12.785,12.215,12.235,12.170982
1166,12.205,12.235,12.395,12.105,12.415,12.069809
1167,12.255,12.415,12.585,12.215,12.255,12.255709
1168,12.425,12.255,12.425,12.175,12.145,12.073696
1169,12.095,12.145,12.275,11.995,12.205,11.972982
1170,12.205,12.205,12.305,12.165,12.225,12.027081
1171,12.065,12.225,12.275,11.785,12.345,12.007975
1172,12.165,12.345,12.405,12.115,12.255,12.154579
1173,12.215,12.255,12.445,12.115,12.075,12.0979395
1174,12.175,12.075,12.235,11.965,12.035,11.900017
1175,12.015,12.035,12.255,11.965,11.755,11.896486
1176,12.075,11.755,12.185,11.675,11.705,11.642637
1177,11.745,11.705,11.795,11.455,11.825,11.508752
1178,11.825,11.825,11.995,11.775,11.775,11.676382
1179,11.825,11.775,11.925,11.745,12.195,11.617254
1180,11.865,12.195,12.325,11.835,12.505,12.029402
1181,12.195,12.505,12.575,12.155,12.425,12.3151865
1182,12.485,12.425,12.515,12.295,12.445,12.2233715
1183,12.395,12.445,12.535,12.285,12.345,12.253775
1184,12.445,12.345,12.545,12.305,12.525,12.18416
1185,12.335,12.525,12.645,12.335,12.655,12.353817
1186,12.525,12.655,12.705,12.445,12.925,12.451677
1187,13.145,12.925,13.245,12.865,13.655,12.771967
1188,13.025,13.655,13.805,12.975,13.495,13.46379
1189,13.615,13.495,13.725,13.435,13.545,13.315371
1190,13.545,13.545,13.685,13.465,13.285,13.3484955
1191,13.575,13.285,13.575,12.925,13.37,13.0745125
1192,13.27,13.37,13.5,13.19,13.71,13.176294
1193,13.5,13.71,13.85,13.45,13.78,13.51571
1194,13.73,13.78,13.79,13.58,13.93,13.530425
1195,14.01,13.93,14.18,13.87,14.18,13.752784
1196,13.88,14.18,14.24,13.86,14.01,13.957009
1197,14.18,14.01,14.21,13.87,13.99,13.79562
1198,14.01,13.99,14.28,13.88,13.92,13.824327
1199,13.95,13.92,13.98,13.69,13.59,13.6714115
1200,13.82,13.59,13.88,13.45,13.59,13.405171
1201,13.63,13.59,13.71,13.44,13.56,13.37434
1202,13.61,13.56,13.7,13.49,13.54,13.357737
1203,13.68,13.54,13.78,13.53,14.12,13.364809
1204,13.6,14.12,14.23,13.58,14.0,13.911973
1205,14.03,14.0,14.12,13.84,13.75,13.776093
1206,13.97,13.75,13.99,13.71,13.69,13.55707
1207,13.7,13.69,13.81,13.61,13.67,13.482435
1208,13.65,13.67,13.81,13.56,13.99,13.470564
1209,13.74,13.99,14.08,13.68,13.85,13.774805
1210,13.96,13.85,14.02,13.76,13.76,13.641895
1211,13.86,13.76,13.87,13.65,13.88,13.533199
1212,13.87,13.88,14.01,13.79,14.2,13.673402
1213,13.92,14.2,14.27,13.85,14.23,13.973825
1214,14.18,14.23,14.25,14.08,14.29,13.978485
1215,14.25,14.29,14.45,14.18,14.37,14.086599
1216,14.31,14.37,14.55,14.29,14.13,14.17682
1217,14.3,14.13,14.32,14.08,14.1,13.918261
1218,14.06,14.1,14.19,13.94,13.74,13.872824
1219,13.77,13.74,13.88,13.66,13.35,13.535555
1220,13.6,13.35,13.64,13.27,13.37,13.173981
1221,13.1,13.37,13.46,13.03,13.54,13.165705
1222,13.49,13.54,13.64,13.37,14.38,13.328263
1223,13.9,14.38,14.5,13.85,14.52,14.166429
1224,14.55,14.52,14.85,14.43,15.12,14.356552
1225,14.61,15.12,15.12,14.6,14.89,14.861803
1226,15.0,14.89,15.08,14.74,14.97,14.660638
1227,15.14,14.97,15.22,14.8,14.94,14.748621
1228,14.64,14.94,14.96,14.6,14.9,14.688053
1229,15.09,14.9,15.14,14.78,14.92,14.679023
1230,14.91,14.92,14.94,14.52,14.99,14.62451
1231,14.92,14.99,15.2,14.77,14.45,14.779625
1232,14.87,14.45,14.89,14.38,14.31,14.276795
1233,14.4,14.31,14.45,14.2,14.65,14.082811
1234,14.37,14.65,14.74,14.35,14.25,14.426435
1235,14.42,14.25,14.5,14.15,14.31,14.050528
1236,14.36,14.31,14.48,14.24,14.27,14.101706
1237,14.26,14.27,14.28,14.05,14.13,14.003164
1238,14.22,14.13,14.24,14.08,14.16,13.901657
1239,14.29,14.16,14.39,14.1,14.45,13.9649935
1240,14.15,14.45,14.5,14.11,14.3,14.216631
1241,14.48,14.3,14.51,14.25,14.44,14.089993
1242,14.32,14.44,14.5,14.31,14.58,14.207808
1243,14.56,14.58,14.85,14.55,14.81,14.4107
1244,14.71,14.81,14.81,14.62,14.69,14.541899
1245,14.98,14.69,15.0,14.6,14.55,14.485924
1246,14.6,14.55,14.64,14.41,14.56,14.303352
1247,14.6,14.56,14.71,14.46,14.68,14.338257
1248,14.66,14.68,14.78,14.53,14.45,14.442239
1249,14.7,14.45,14.72,14.4,14.24,14.247092
1250,14.36,14.24,14.45,14.18,14.41,14.038135
1251,14.24,14.41,14.48,14.24,14.84,14.185116
1252,14.48,14.84,14.89,14.48,15.34,14.603461
1253,14.95,15.34,15.4,14.93,15.38,15.094238
1254,15.34,15.38,15.47,15.18,15.18,15.12208
1255,15.47,15.18,15.54,15.18,15.75,14.990307
1256,15.2,15.75,15.85,15.19,15.71,15.508364
1257,15.86,15.71,16.04,15.66,15.9,15.512885
1258,15.85,15.9,16.0,15.7,15.59,15.635607
1259,15.75,15.59,15.89,15.57,16.2,15.387275
1260,15.6,16.2,16.23,15.6,16.25,15.929658
1261,16.1,16.25,16.52,16.02,16.24,16.039963
1262,16.27,16.24,16.27,15.99,16.81,15.928133
1263,16.2,16.81,16.95,16.2,17.22,16.559711
1264,16.97,17.22,17.6,16.92,17.18,17.025595
1265,17.25,17.18,17.35,16.82,16.79,16.878977
1266,17.26,16.79,17.44,16.63,16.7,16.614653
1267,16.9,16.7,17.0,16.55,16.51,16.456179
1268,16.8,16.51,17.04,16.43,16.89,16.335875
1269,16.43,16.89,16.97,16.43,16.42,16.621164
1270,16.91,16.42,16.93,16.03,16.45,16.183542
1271,16.32,16.45,16.67,16.23,16.87,16.220737
1272,16.5,16.87,17.0,16.44,16.88,16.609451
1273,16.78,16.88,16.96,16.58,16.66,16.584333
1274,16.98,16.66,17.04,16.48,16.91,16.424166
1275,16.69,16.91,16.93,16.56,16.43,16.60386
1276,16.8,16.43,16.96,16.42,16.26,16.255766
1277,16.42,16.26,16.47,16.24,16.86,16.012867
1278,16.35,16.86,17.0,16.28,16.92,16.600704
1279,16.98,16.92,17.25,16.77,17.15,16.699238
1280,16.8,17.15,17.44,16.79,16.96,16.935682
1281,17.06,16.96,17.26,16.88,16.89,16.730392
1282,16.93,16.89,17.07,16.75,16.65,16.624615
1283,16.98,16.65,17.02,16.64,16.28,16.426264
1284,16.5,16.28,16.53,16.2,16.33,16.032955
1285,16.29,16.33,16.37,16.16,16.33,16.036379
1286,16.29,16.33,16.46,16.06,16.32,16.058382
1287,16.43,16.32,16.48,16.25,16.34,16.056908
1288,16.39,16.34,16.55,16.24,16.45,16.098808
1289,16.35,16.45,16.55,16.23,16.41,16.178448
1290,16.45,16.41,16.48,16.31,15.85,16.12022
1291,16.3,15.85,16.3,15.77,15.86,15.646565
1292,15.75,15.86,15.87,15.63,15.59,15.570595
1293,15.89,15.59,15.92,15.55,15.8,15.37681
1294,15.64,15.8,15.84,15.54,15.62,15.525931
1295,15.89,15.62,15.89,15.49,15.47,15.382103
1296,15.64,15.47,15.64,15.39,15.49,15.2199135
1297,15.47,15.49,15.54,15.44,15.29,15.223354
1298,15.54,15.29,15.55,15.18,15.36,15.060366
1299,15.35,15.36,15.43,15.23,15.45,15.097817
1300,15.3,15.45,15.46,15.21,15.31,15.173857
1301,15.34,15.31,15.41,15.21,15.43,15.0563755
1302,15.35,15.43,15.48,15.3,15.6,15.167652
1303,15.47,15.6,15.72,15.46,15.41,15.364284
1304,15.62,15.41,15.62,15.35,15.33,15.1712265
1305,15.36,15.33,15.38,15.25,15.66,15.059296
1306,15.38,15.66,15.68,15.3,15.6,15.388054
1307,15.66,15.6,15.67,15.53,16.12,15.327612
1308,15.85,16.12,16.12,15.77,16.13,15.830814
1309,16.12,16.13,16.14,15.87,16.5,15.818138
1310,16.0,16.5,16.63,15.98,16.46,16.251123
1311,16.43,16.46,16.66,16.41,16.55,16.22766
1312,16.55,16.55,16.74,16.44,16.59,16.303217
1313,16.55,16.59,16.68,16.44,16.24,16.310202
1314,16.68,16.24,16.68,16.17,16.4,16.027311
1315,16.23,16.4,16.5,16.23,16.3,16.142977
1316,16.45,16.3,16.56,16.24,16.47,16.066805
1317,16.34,16.47,16.48,16.32,16.63,16.17421
1318,16.53,16.63,16.93,16.43,16.57,16.418928
1319,16.46,16.57,16.63,16.1,16.45,16.25787
1320,16.57,16.45,16.63,16.31,16.87,16.183573
1321,16.65,16.87,16.95,16.55,17.18,16.588394
1322,16.94,17.18,17.31,16.92,17.07,16.917194
1323,17.01,17.07,17.34,16.91,17.15,16.84161
1324,17.13,17.15,17.28,16.95,16.66,16.864286
1325,17.0,16.66,17.05,16.63,16.79,16.439278
1326,16.81,16.79,16.93,16.53,16.69,16.50469
1327,16.79,16.69,16.81,16.52,16.99,16.39743
1328,16.75,16.99,17.03,16.61,16.76,16.688732
1329,16.99,16.76,17.27,16.76,16.52,16.59091
1330,16.79,16.52,16.86,16.45,16.33,16.29142
1331,16.52,16.33,16.57,16.2,16.39,16.07781
1332,16.38,16.39,16.55,16.35,16.45,16.14344
1333,16.43,16.45,16.61,16.35,16.0,16.198692
1334,16.34,16.0,16.34,15.93,16.09,15.773293
1335,15.92,16.09,16.16,15.71,15.54,15.808876
1336,15.92,15.54,15.92,15.39,13.99,15.323004
1337,13.99,13.99,14.7,13.99,14.6,13.957416
1338,14.05,14.6,14.66,14.02,14.63,14.367195
1339,14.59,14.63,14.89,14.32,14.77,14.427298
1340,14.81,14.77,14.87,14.51,14.62,14.512535
1341,14.6,14.62,14.69,14.41,14.5,14.368055
1342,14.51,14.5,14.53,14.3,14.79,14.2342
1343,14.6,14.79,14.94,14.56,14.77,14.578698
1344,14.79,14.77,14.82,14.6,14.65,14.506401
1345,14.71,14.65,14.88,14.61,15.03,14.455662
1346,14.75,15.03,15.14,14.7,15.37,14.801321
1347,15.04,15.37,15.37,14.93,15.2,15.095516
1348,15.33,15.2,15.33,15.01,15.24,14.938029
1349,15.1,15.24,15.37,15.08,15.59,15.014751
1350,15.27,15.59,15.62,15.1,15.58,15.312688
1351,15.49,15.58,15.72,15.45,15.23,15.347248
1352,15.46,15.23,15.46,15.15,15.04,14.997399
1353,15.0,15.04,15.13,14.78,14.99,14.783754
1354,14.77,14.99,15.27,14.7,15.11,14.808344
1355,14.96,15.11,15.15,14.89,14.5,14.853169
1356,14.85,14.5,15.04,14.46,14.79,14.366114
1357,14.55,14.79,14.95,14.46,14.72,14.575764
1358,14.96,14.72,14.99,14.63,14.69,14.508873
1359,14.68,14.69,14.78,14.51,15.39,14.444709
1360,14.8,15.39,15.64,14.73,15.03,15.191277
1361,15.18,15.03,15.27,15.02,14.45,14.821836
1362,14.71,14.45,14.73,14.42,14.76,14.25093
1363,14.38,14.76,14.85,14.38,14.69,14.536367
1364,14.77,14.69,14.88,14.62,14.68,14.476316
1365,14.65,14.68,14.84,14.53,14.52,14.463282
1366,13.9,14.52,14.58,13.9,13.75,14.292021
1367,14.45,13.75,14.46,13.75,13.41,13.6433735
1368,13.75,13.41,13.97,13.13,12.71,13.277455
1369,13.41,12.71,13.55,12.65,12.23,12.655056
1370,12.68,12.23,12.74,11.91,12.52,12.089378
1371,12.4,12.52,12.68,12.26,12.15,12.344534
1372,12.0,12.15,12.35,11.93,12.61,12.001022
1373,12.4,12.61,12.68,12.27,12.87,12.408115
1374,12.88,12.87,13.07,12.7,13.06,12.694819
1375,12.78,13.06,13.34,12.72,13.15,12.91695
1376,13.25,13.15,13.38,13.08,12.94,12.979071
1377,12.85,12.94,13.04,12.76,12.8,12.744724
1378,13.05,12.8,13.09,12.78,12.89,12.641339
1379,12.86,12.89,13.13,12.82,12.97,12.741646
1380,12.75,12.97,12.97,12.66,12.61,12.745491
1381,12.82,12.61,12.89,12.55,,12.452831
